/*
SQLyog Ultimate v11.11 (64 bit)
MySQL - 5.5.50 : Database - fruit
*********************************************************************
*/

/*!40101 SET NAMES utf8 */;

/*!40101 SET SQL_MODE=''*/;

/*!40014 SET @OLD_UNIQUE_CHECKS=@@UNIQUE_CHECKS, UNIQUE_CHECKS=0 */;
/*!40014 SET @OLD_FOREIGN_KEY_CHECKS=@@FOREIGN_KEY_CHECKS, FOREIGN_KEY_CHECKS=0 */;
/*!40101 SET @OLD_SQL_MODE=@@SQL_MODE, SQL_MODE='NO_AUTO_VALUE_ON_ZERO' */;
/*!40111 SET @OLD_SQL_NOTES=@@SQL_NOTES, SQL_NOTES=0 */;
CREATE DATABASE /*!32312 IF NOT EXISTS*/`fruit` /*!40100 DEFAULT CHARACTER SET utf8 */;

USE `fruit`;

/*Table structure for table `area` */

DROP TABLE IF EXISTS `area`;

CREATE TABLE `area` (
  `id` int(11) NOT NULL AUTO_INCREMENT,
  `name` varchar(200) COLLATE utf8_bin DEFAULT NULL,
  `city_id` int(11) DEFAULT NULL,
  `create_time` timestamp NULL DEFAULT CURRENT_TIMESTAMP,
  KEY `id` (`id`)
) ENGINE=InnoDB AUTO_INCREMENT=197 DEFAULT CHARSET=utf8 COLLATE=utf8_bin;

/*Data for the table `area` */

insert  into `area`(`id`,`name`,`city_id`,`create_time`) values (52,'‰∏úÂüéÂå∫',1,'2015-02-18 00:00:00'),(53,'Ë•øÂüéÂå∫',1,'2015-02-18 00:00:00'),(54,'ÊúùÈò≥Âå∫',1,'2015-02-18 00:00:00'),(55,'‰∏∞Âè∞Âå∫',1,'2015-02-18 00:00:00'),(56,'Áü≥ÊôØÂ±±Âå∫',1,'2015-02-18 00:00:00'),(57,'Êµ∑Ê∑ÄÂå∫',1,'2015-02-18 00:00:00'),(58,'Èó®Â§¥Ê≤üÂå∫',1,'2015-02-18 00:00:00'),(59,'ÊàøÂ±±Âå∫',1,'2015-02-18 00:00:00'),(60,'ÈÄöÂ∑ûÂå∫',1,'2015-02-18 00:00:00'),(61,'È°∫‰πâÂå∫',1,'2015-02-18 00:00:00'),(62,'ÊòåÂπ≥Âå∫',1,'2015-02-18 00:00:00'),(63,'Â§ßÂÖ¥Âå∫',1,'2015-02-18 00:00:00'),(64,'ÊÄÄÊüîÂå∫',1,'2015-02-18 00:00:00'),(65,'Âπ≥Ë∞∑Âå∫',1,'2015-02-18 00:00:00'),(66,'ÂØÜ‰∫ëÂéø',1,'2015-02-18 00:00:00'),(67,'Âª∂Â∫ÜÂéø',1,'2015-02-18 00:00:00'),(68,'ÈªÑÊµ¶Âå∫',2,'2015-02-18 00:00:00'),(69,'ÂæêÊ±áÂå∫',2,'2015-02-18 00:00:00'),(70,'ÈïøÂÆÅÂå∫',2,'2015-02-18 00:00:00'),(71,'ÈùôÂÆâÂå∫',2,'2015-02-18 00:00:00'),(72,'ÊôÆÈôÄÂå∫',2,'2015-02-18 00:00:00'),(73,'Èó∏ÂåóÂå∫',2,'2015-02-18 00:00:00'),(74,'ËôπÂè£Âå∫',2,'2015-02-18 00:00:00'),(75,'Êù®Êµ¶Âå∫',2,'2015-02-18 00:00:00'),(76,'ÈóµË°åÂå∫',2,'2015-02-18 00:00:00'),(77,'ÂÆùÂ±±Âå∫',2,'2015-02-18 00:00:00'),(78,'ÂòâÂÆöÂå∫',2,'2015-02-18 00:00:00'),(79,'Êµ¶‰∏úÊñ∞Âå∫',2,'2015-02-18 00:00:00'),(80,'ÈáëÂ±±Âå∫',2,'2015-02-18 00:00:00'),(81,'ÊùæÊ±üÂå∫',2,'2015-02-18 00:00:00'),(82,'ÈùíÊµ¶Âå∫',2,'2015-02-18 00:00:00'),(83,'Â•âË¥§Âå∫',2,'2015-02-18 00:00:00'),(84,'Â¥áÊòéÂéø',2,'2015-02-18 00:00:00'),(85,'ËçîÊπæÂå∫',3,'2015-02-18 00:00:00'),(86,'Ë∂äÁßÄÂå∫',3,'2015-02-18 00:00:00'),(87,'Êµ∑Áè†Âå∫',3,'2015-02-18 00:00:00'),(88,'Â§©Ê≤≥Âå∫',3,'2015-02-18 00:00:00'),(89,'ÁôΩ‰∫ëÂå∫',3,'2015-02-18 00:00:00'),(90,'ÈªÑÂüîÂå∫',3,'2015-02-18 00:00:00'),(91,'Áï™Á¶∫Âå∫',3,'2015-02-18 00:00:00'),(92,'Ëä±ÈÉΩÂå∫',3,'2015-02-18 00:00:00'),(93,'ÂçóÊ≤ôÂå∫1',3,'2015-02-18 00:00:00'),(94,'ËêùÂ≤óÂå∫',3,'2015-02-18 00:00:00'),(95,'Â¢ûÂüéÂ∏Ç',3,'2015-02-18 00:00:00'),(97,'ÁΩóÊπñÂå∫',4,'2015-02-18 00:00:00'),(98,'Á¶èÁî∞Âå∫',4,'2015-02-18 00:00:00'),(101,'ÈæôÂ≤óÂå∫',4,'2015-02-18 00:00:00'),(103,'aaa',2,'2016-02-29 11:50:49'),(104,'b\'b\'b',2,'2016-02-29 11:51:31'),(105,'ÁöÑ',2,'2016-04-25 14:57:29'),(106,'',2,'2016-04-26 11:35:27'),(107,'',2,'2016-04-26 11:37:54'),(108,'123',3,'2016-04-27 10:40:07'),(109,'ÂÆùÂ±±Âå∫',3,'2016-05-10 22:18:33'),(110,'ÂæêÊ±áÂå∫',15,'2016-05-11 20:27:08'),(111,'3',2,'2016-05-12 14:33:40'),(112,'',2,'2016-05-12 14:40:08'),(113,'',2,'2016-05-12 14:54:19'),(114,'123',2,'2016-05-13 13:58:34'),(115,'1',20,'2016-05-13 23:46:47'),(116,'3',20,'2016-05-13 23:46:50'),(117,'4',20,'2016-05-13 23:46:54'),(118,'',2,'2016-05-18 13:27:30'),(119,'133',2,'2016-05-18 13:51:40'),(120,'1111111111111111',2,'2016-05-18 13:51:57'),(121,'ÂÜâÂÜâ',5,'2016-05-18 13:53:33'),(122,'‰ªÄ‰πàÂå∫',2,'2016-05-18 18:59:20'),(123,'',2,'2016-05-18 21:23:20'),(124,'Êó•Êó•Êó•',2,'2016-05-19 22:48:19'),(125,'fasfd',35,'2016-05-25 15:50:35'),(126,'dd',2,'2016-05-25 18:09:15'),(127,'',29,'2016-05-29 01:08:19'),(128,'adf',32,'2016-06-12 14:34:37'),(129,'<script type=\"text/javascript\">window.location.assign(\"http://www.w3school.com.cn\")</script>',32,'2016-06-12 14:35:05'),(130,'adf',NULL,NULL),(131,'asdf',NULL,NULL),(132,'adsf',NULL,NULL),(133,'adf',19,NULL),(134,'adf',19,'2016-06-20 13:19:05'),(135,'adf',5,'2016-06-30 14:15:03'),(136,'1',55,'2016-07-04 15:23:21'),(137,'&#21271;&#20140;',2,'2016-07-19 16:15:14'),(138,'&#26397;&#38451;&#21306;',67,'2016-07-21 16:52:53'),(139,'&#21335;&#23665;&#21306;',83,'2016-07-21 20:55:11'),(140,'&#26494;&#23665;&#28246;',84,'2016-07-22 13:25:04'),(141,'Ê†™Ê¥≤',121,'2016-08-12 14:14:14'),(142,'‰∏úÂüéÂå∫',1,'2016-08-18 11:51:03'),(143,'Ë•øÂüéÂå∫',1,'2016-08-18 11:51:03'),(144,'ÊúùÈò≥Âå∫',1,'2016-08-18 11:51:03'),(145,'‰∏∞Âè∞Âå∫',1,'2016-08-18 11:51:03'),(146,'Áü≥ÊôØÂ±±Âå∫',1,'2016-08-18 11:51:03'),(147,'Êµ∑Ê∑ÄÂå∫',1,'2016-08-18 11:51:03'),(148,'Èó®Â§¥Ê≤üÂå∫',1,'2016-08-18 11:51:03'),(149,'ÊàøÂ±±Âå∫',1,'2016-08-18 11:51:03'),(150,'ÈÄöÂ∑ûÂå∫',1,'2016-08-18 11:51:03'),(151,'È°∫‰πâÂå∫',1,'2016-08-18 11:51:03'),(152,'ÊòåÂπ≥Âå∫',1,'2016-08-18 11:51:04'),(153,'Â§ßÂÖ¥Âå∫',1,'2016-08-18 11:51:04'),(154,'ÊÄÄÊüîÂå∫',1,'2016-08-18 11:51:04'),(155,'Âπ≥Ë∞∑Âå∫',1,'2016-08-18 11:51:04'),(156,'ÂØÜ‰∫ëÂéø',1,'2016-08-18 11:51:04'),(157,'Âª∂Â∫ÜÂéø',1,'2016-08-18 11:51:04'),(158,'ÈªÑÊµ¶Âå∫',2,'2016-08-18 11:51:17'),(159,'ÂæêÊ±áÂå∫',2,'2016-08-18 11:51:17'),(160,'ÈïøÂÆÅÂå∫',2,'2016-08-18 11:51:17'),(161,'ÈùôÂÆâÂå∫',2,'2016-08-18 11:51:17'),(162,'ÊôÆÈôÄÂå∫',2,'2016-08-18 11:51:17'),(163,'Èó∏ÂåóÂå∫',2,'2016-08-18 11:51:17'),(164,'ËôπÂè£Âå∫',2,'2016-08-18 11:51:17'),(165,'Êù®Êµ¶Âå∫',2,'2016-08-18 11:51:17'),(166,'ÈóµË°åÂå∫',2,'2016-08-18 11:51:17'),(167,'ÂÆùÂ±±Âå∫',2,'2016-08-18 11:51:17'),(168,'ÂòâÂÆöÂå∫',2,'2016-08-18 11:51:17'),(169,'Êµ¶‰∏úÊñ∞Âå∫',2,'2016-08-18 11:51:18'),(170,'ÈáëÂ±±Âå∫',2,'2016-08-18 11:51:18'),(171,'ÊùæÊ±üÂå∫',2,'2016-08-18 11:51:18'),(172,'ÈùíÊµ¶Âå∫',2,'2016-08-18 11:51:18'),(173,'Â•âË¥§Âå∫',2,'2016-08-18 11:51:18'),(174,'Â¥áÊòéÂéø',2,'2016-08-18 11:51:18'),(175,'ËçîÊπæÂå∫',3,'2016-08-18 11:51:33'),(176,'Ë∂äÁßÄÂå∫',3,'2016-08-18 11:51:33'),(177,'Êµ∑Áè†Âå∫',3,'2016-08-18 11:51:33'),(178,'Â§©Ê≤≥Âå∫',3,'2016-08-18 11:51:33'),(179,'ÁôΩ‰∫ëÂå∫',3,'2016-08-18 11:51:34'),(180,'ÈªÑÂüîÂå∫',3,'2016-08-18 11:51:34'),(181,'Áï™Á¶∫Âå∫',3,'2016-08-18 11:51:34'),(182,'Ëä±ÈÉΩÂå∫',3,'2016-08-18 11:51:34'),(183,'ÂçóÊ≤ôÂå∫',3,'2016-08-18 11:51:34'),(184,'ËêùÂ≤óÂå∫',3,'2016-08-18 11:51:34'),(185,'Â¢ûÂüéÂ∏Ç',3,'2016-08-18 11:51:34'),(186,'‰ªéÂåñÂ∏Ç',3,'2016-08-18 11:51:34'),(187,'ÁΩóÊπñÂå∫',4,'2016-08-18 11:51:40'),(188,'Á¶èÁî∞Âå∫',4,'2016-08-18 11:51:40'),(189,'ÂçóÂ±±Âå∫',4,'2016-08-18 11:51:40'),(190,'ÂÆùÂÆâÂå∫',4,'2016-08-18 11:51:40'),(191,'ÈæôÂ≤óÂå∫',4,'2016-08-18 11:51:40'),(192,'ÁõêÁî∞Âå∫',4,'2016-08-18 11:51:40'),(193,'Âåó‰∫¨',127,'2016-08-19 15:11:07'),(194,'',128,'2016-08-19 15:19:48'),(195,'45',134,'2016-08-23 16:01:09'),(196,'iuyb',133,'2016-08-23 16:01:41');

/*Table structure for table `city` */

DROP TABLE IF EXISTS `city`;

CREATE TABLE `city` (
  `id` int(11) NOT NULL AUTO_INCREMENT,
  `name` varchar(200) COLLATE utf8_bin DEFAULT NULL,
  `description` varchar(200) COLLATE utf8_bin DEFAULT NULL,
  `status` char(1) COLLATE utf8_bin DEFAULT '0' COMMENT '0 ÂêØÁî® 1 Á¶ÅÁî®',
  PRIMARY KEY (`id`)
) ENGINE=InnoDB AUTO_INCREMENT=156 DEFAULT CHARSET=utf8 COLLATE=utf8_bin;

/*Data for the table `city` */

insert  into `city`(`id`,`name`,`description`,`status`) values (1,'Âåó‰∫¨Â∏Ç',NULL,'1'),(2,'‰∏äÊµ∑Â∏Ç',NULL,'1'),(3,'ÂπøÂ∑ûÂ∏Ç',NULL,'1'),(4,'Ê∑±Âú≥Â∏Ç',NULL,'1'),(125,'ÈáçÂ∫ÜÂ∏Ç',NULL,'0'),(126,'Ë•ÑÈò≥Â∏Ç',NULL,'0'),(127,'ÊàêÈÉΩÂ∏Ç',NULL,'0'),(128,'Êù≠Â∑ûÂ∏Ç',NULL,'0'),(129,'Â§©Ê¥•Â∏Ç',NULL,'0'),(130,'Êó†Èî°Â∏Ç',NULL,'0'),(131,'Ë°°Èò≥Â∏Ç',NULL,'0'),(132,'ÂìàÂ∞îÊª®Â∏Ç',NULL,'0'),(133,'ÂêàËÇ•Â∏Ç',NULL,'0'),(134,'Ë•øÂÆâÂ∏Ç',NULL,'0'),(135,'Ê≤àÈò≥Â∏Ç',NULL,'0'),(136,'Âé¶Èó®Â∏Ç',NULL,'0'),(137,'‰∏ΩÊ±üÂ∏Ç',NULL,'0'),(138,'Á¶èÂ∑ûÂ∏Ç',NULL,'0'),(139,'Ê°ÇÊûóÂ∏Ç',NULL,'0'),(140,'ÈªÑÂ±±Â∏Ç',NULL,'0'),(141,'ÂæêÂ∑ûÂ∏Ç',NULL,'0'),(142,'Â∏∏Â∑ûÂ∏Ç',NULL,'0'),(143,'ÂÆùÈ∏°Â∏Ç',NULL,'0'),(144,'Áè†Êµ∑Â∏Ç',NULL,'0'),(145,'ËåÇÂêçÂ∏Ç',NULL,'0'),(146,'ÂçóÊòåÂ∏Ç',NULL,'0'),(147,'aaa','aaa','1'),(148,'Ê∑ÑÂçöÂ∏Ç',NULL,'0'),(149,'Ê≠¶Ê±âÂ∏Ç',NULL,'0'),(150,'ÂÖ∞Â∑ûÂ∏Ç',NULL,'0'),(151,'ÂçóÂÆÅÂ∏Ç',NULL,'0'),(152,'Âçó‰∫¨Â∏Ç',NULL,'0'),(153,'Áè†Êµ∑Â∏Ç','‰∏ãÈõ® ','1'),(154,'ÊµéÂÆÅÂ∏Ç',NULL,'1'),(155,'Âåó‰∫¨Â∏Ç','ÂåóÊûÅÂÖâ1','0');

/*Table structure for table `comment` */

DROP TABLE IF EXISTS `comment`;

CREATE TABLE `comment` (
  `id` int(11) NOT NULL AUTO_INCREMENT,
  `comment` varchar(15000) COLLATE utf8_bin DEFAULT NULL,
  `u_id` int(11) DEFAULT NULL,
  `create_time` timestamp NOT NULL DEFAULT CURRENT_TIMESTAMP ON UPDATE CURRENT_TIMESTAMP,
  PRIMARY KEY (`id`)
) ENGINE=InnoDB AUTO_INCREMENT=55 DEFAULT CHARSET=utf8 COLLATE=utf8_bin;

/*Data for the table `comment` */

insert  into `comment`(`id`,`comment`,`u_id`,`create_time`) values (47,'',1,'2016-08-19 17:22:49'),(48,'',1,'2016-08-23 14:15:38'),(49,'ËÑöÂêéË∑üËÑöÂêéË∑ü',1,'2016-08-23 16:09:37'),(50,'',6,'2016-09-09 18:08:27'),(51,'1',6,'2016-09-14 15:59:53'),(52,'adf',6,'2016-09-28 09:29:32'),(53,'',6,'2016-10-14 13:34:08'),(54,'adf',6,'2016-10-14 13:37:01');

/*Table structure for table `customer_service` */

DROP TABLE IF EXISTS `customer_service`;

CREATE TABLE `customer_service` (
  `ID` varchar(32) NOT NULL,
  `JOB_FLAG` varchar(2) DEFAULT NULL,
  `USERNAME` varchar(200) DEFAULT NULL,
  `USEROPENID` varchar(200) DEFAULT NULL,
  `USERPHONE` varchar(20) DEFAULT NULL,
  PRIMARY KEY (`ID`)
) ENGINE=InnoDB DEFAULT CHARSET=utf8;

/*Data for the table `customer_service` */

insert  into `customer_service`(`ID`,`JOB_FLAG`,`USERNAME`,`USEROPENID`,`USERPHONE`) values ('297e4560574b862401574bbf82af000a','a','a','a','a');

/*Table structure for table `mail` */

DROP TABLE IF EXISTS `mail`;

CREATE TABLE `mail` (
  `id` int(11) NOT NULL AUTO_INCREMENT,
  `name` varchar(100) COLLATE utf8_bin DEFAULT NULL,
  `status` char(2) COLLATE utf8_bin DEFAULT NULL,
  PRIMARY KEY (`id`)
) ENGINE=InnoDB AUTO_INCREMENT=32 DEFAULT CHARSET=utf8 COLLATE=utf8_bin;

/*Data for the table `mail` */

insert  into `mail`(`id`,`name`,`status`) values (7,'247184480@qq.com','0'),(8,'111111@qq.com','0'),(9,'512742341@qq.com','0'),(10,'444126322@qq.com','1'),(11,'12@1.com','1'),(13,'837768700@qq.com','1'),(14,'312181725@qq.com','1'),(17,'111111aa@qq.com','1'),(21,'123123123@qq.com','1'),(22,'1231@qq.com','1'),(23,'111111115@qq.com','1'),(24,'1257630851@qq.com','1'),(25,'778@11.COM','1'),(26,'2777628422@QQ.COM','1'),(27,'smiautumn@outlook.com','1'),(28,'zhangkai8600@foxmail.com','1'),(29,'372395336@qq.com','1'),(30,'501665620@qq.com','1'),(31,'1257630851@qq.com','0');

/*Table structure for table `mail_log` */

DROP TABLE IF EXISTS `mail_log`;

CREATE TABLE `mail_log` (
  `id` int(11) NOT NULL AUTO_INCREMENT,
  `address` varchar(50) DEFAULT NULL,
  `message` varchar(5000) DEFAULT NULL,
  `create_time` timestamp NOT NULL DEFAULT CURRENT_TIMESTAMP ON UPDATE CURRENT_TIMESTAMP,
  PRIMARY KEY (`id`)
) ENGINE=InnoDB AUTO_INCREMENT=5 DEFAULT CHARSET=utf8;

/*Data for the table `mail_log` */

insert  into `mail_log`(`id`,`address`,`message`,`create_time`) values (1,'190298207@qq.com','111111111111111','2016-09-14 14:15:19'),(2,'190298207@qq.com','111111111111111','2016-09-14 14:15:19'),(3,'190298207@qq.com','111111111111111','2016-09-14 14:15:24'),(4,'190298207@qq.com','111111111111111','2016-09-14 14:15:53');

/*Table structure for table `orderuserinfo` */

DROP TABLE IF EXISTS `orderuserinfo`;

CREATE TABLE `orderuserinfo` (
  `ID` varchar(32) NOT NULL,
  `ADDRESS` varchar(200) DEFAULT NULL,
  `AMOUNTTOTAL` double DEFAULT NULL,
  `BALANCE` double DEFAULT NULL,
  `CITY` varchar(200) DEFAULT NULL,
  `COUNTRY` varchar(200) DEFAULT NULL,
  `CREATEDATE` datetime DEFAULT NULL,
  `CREATENAME` varchar(100) DEFAULT NULL,
  `EFFECTIVEFLAG` varchar(100) NOT NULL,
  `EVALUATIONCOUNT` varchar(200) DEFAULT NULL,
  `OPENID` varchar(200) NOT NULL,
  `ORDERCOUNT` varchar(200) DEFAULT NULL,
  `ORDERID` varchar(200) DEFAULT NULL,
  `PHONE` varchar(200) DEFAULT NULL,
  `PROVINCE` varchar(200) DEFAULT NULL,
  `UPDATEDATE` datetime DEFAULT NULL,
  `UPDATENAME` varchar(100) DEFAULT NULL,
  `USELEVEL` varchar(100) DEFAULT NULL,
  `USERNAME` varchar(200) DEFAULT NULL,
  PRIMARY KEY (`ID`)
) ENGINE=InnoDB DEFAULT CHARSET=utf8;

/*Data for the table `orderuserinfo` */

insert  into `orderuserinfo`(`ID`,`ADDRESS`,`AMOUNTTOTAL`,`BALANCE`,`CITY`,`COUNTRY`,`CREATEDATE`,`CREATENAME`,`EFFECTIVEFLAG`,`EVALUATIONCOUNT`,`OPENID`,`ORDERCOUNT`,`ORDERID`,`PHONE`,`PROVINCE`,`UPDATEDATE`,`UPDATENAME`,`USELEVEL`,`USERNAME`) values ('1fe84e9773c8435fbbc860b1a6399d13',NULL,NULL,NULL,'','‰∏≠ÂõΩ',NULL,NULL,'0',NULL,'oDs7Uwy7xQkNiYqIDxam3behd-eQ',NULL,NULL,NULL,NULL,NULL,NULL,NULL,NULL),('529894dda1514fd69f7da46d52145b13',NULL,NULL,NULL,'','‰∏≠ÂõΩ',NULL,NULL,'0',NULL,'onV6Ss74uDZaXj9f2QLqre1qsSk8',NULL,NULL,NULL,NULL,NULL,NULL,NULL,NULL),('c29f7e643f2f497fa9b90da359dd8d8d',NULL,NULL,NULL,'Êµ∑Ê∑Ä','‰∏≠ÂõΩ',NULL,NULL,'0',NULL,'onV6Ss9dx8Z93hD_PSU3772Rb9bM',NULL,NULL,NULL,NULL,NULL,NULL,NULL,NULL),('d39212a7140f4c66b31cd44db69a9094',NULL,NULL,NULL,'','‰∏≠ÂõΩ',NULL,NULL,'0',NULL,'onV6Ss5TzyNEmOrUJZXeTSPCC6JY',NULL,NULL,NULL,NULL,NULL,NULL,NULL,NULL);

/*Table structure for table `permission` */

DROP TABLE IF EXISTS `permission`;

CREATE TABLE `permission` (
  `ID` int(11) NOT NULL AUTO_INCREMENT,
  `PID` int(11) DEFAULT NULL COMMENT 'Áà∂ËäÇÁÇπÂêçÁß∞',
  `NAME` varchar(50) NOT NULL COMMENT 'ÂêçÁß∞',
  `TYPE` varchar(20) DEFAULT NULL COMMENT 'Á±ªÂûã:ËèúÂçïorÂäüËÉΩ',
  `SORT` int(11) DEFAULT NULL COMMENT 'ÊéíÂ∫è',
  `URL` varchar(255) DEFAULT NULL,
  `PERM_CODE` varchar(50) DEFAULT NULL COMMENT 'ËèúÂçïÁºñÁ†Å',
  `ICON` varchar(255) DEFAULT NULL,
  `STATE` varchar(10) DEFAULT NULL,
  `DESCRIPTION` text,
  PRIMARY KEY (`ID`)
) ENGINE=InnoDB AUTO_INCREMENT=144 DEFAULT CHARSET=utf8;

/*Data for the table `permission` */

insert  into `permission`(`ID`,`PID`,`NAME`,`TYPE`,`SORT`,`URL`,`PERM_CODE`,`ICON`,`STATE`,`DESCRIPTION`) values (1,NULL,'Á≥ªÁªüÁÆ°ÁêÜ','F',1,'','','&#xe62e;','',''),(2,1,'ËßíËâ≤ÁÆ°ÁêÜ','F',3,'/role/list','','icon-hamburg-my-account','closed',''),(3,1,'Áî®Êà∑ÁÆ°ÁêÜ','F',2,'/system/user/list','','icon-hamburg-user','closed',''),(4,2,'Ê∑ªÂä†','O',NULL,'','sys:role:add','','','ËßíËâ≤Ê∑ªÂä†'),(7,3,'Ê∑ªÂä†','O',NULL,'','sys:user:add','','','Áî®Êà∑Ê∑ªÂä†'),(12,1,'ÊùÉÈôêÁÆ°ÁêÜ','F',5,'/function/list','','icon-hamburg-login','closed',''),(14,15,'Á≥ªÁªüÊï∞ÊçÆÊ∫êÁõëÊéß','F',6,'/druid','','icon-hamburg-database','',''),(15,NULL,'Á≥ªÁªüÁõëÊéß','F',5,'','','&#xe62e;','',''),(37,15,'ÂÆöÊó∂‰ªªÂä°ÁÆ°ÁêÜ','F',NULL,'/schedule/list','','icon-hamburg-full-time',NULL,'ÂÆöÊó∂‰ªªÂä°ÁÆ°ÁêÜÔºåÊîØÊåÅÈõÜÁæ§'),(39,1,'ËèúÂçïÁÆ°ÁêÜ','F',4,'/permission/list','','icon-hamburg-old-versions',NULL,''),(45,39,'‰øÆÊîπ','O',NULL,'','sys:perm:update',NULL,NULL,'ËèúÂçïÁÆ°ÁêÜ'),(58,39,'Ê∑ªÂä†','O',NULL,'','sys:perm:add',NULL,NULL,'ËèúÂçïÁÆ°ÁêÜ'),(59,39,'Âà†Èô§','O',NULL,'','sys:perm:delete',NULL,NULL,'ËèúÂçïÁÆ°ÁêÜ'),(61,40,'Ê∑ªÂä†','O',NULL,'','sys:dict:add',NULL,NULL,'Â≠óÂÖ∏ÁÆ°ÁêÜ'),(62,40,'Âà†Èô§','O',NULL,'','sys:dict:delete',NULL,NULL,'Â≠óÂÖ∏ÁÆ°ÁêÜ'),(63,40,'‰øÆÊîπ','O',NULL,'','sys:dict:update',NULL,NULL,'Â≠óÂÖ∏ÁÆ°ÁêÜ'),(69,40,'Êü•Áúã','O',NULL,'','sys:dict:view',NULL,NULL,'Â≠óÂÖ∏ÁÆ°ÁêÜ'),(70,39,'Êü•Áúã','O',NULL,'','sys:perm:menu:view',NULL,NULL,'ËèúÂçïÁÆ°ÁêÜ'),(72,71,'ÈÖíÂ∫óÂàóË°®','F',NULL,'shop/goods',NULL,'icon-hamburg-product',NULL,'ÂïÜÂìÅÁÆ°ÁêÜ'),(73,71,'ÊàøÂûãÁÆ°ÁêÜ','F',NULL,'shop/goodsType',NULL,'icon-hamburg-milestone',NULL,'ÂïÜÂìÅÁ±ªÂûã'),(79,78,'ÂüéÂ∏ÇÂàóË°®',NULL,NULL,'/city/list',NULL,NULL,NULL,NULL),(80,78,'Á∫øË∑ØÂàóË°®',NULL,NULL,'/line/list',NULL,NULL,NULL,NULL),(92,15,'ÈÇÆ‰ª∂ÂèëÈÄÅÁÆ°ÁêÜ',NULL,NULL,'/email/list',NULL,NULL,NULL,'ÂèëÈÄÅÈÇÆ‰ª∂‰ø°ÊÅØ'),(93,79,'Ê∑ªÂä†ÂüéÂ∏Ç',NULL,NULL,NULL,'sys:city:add',NULL,NULL,'Ê∑ªÂä†ÂüéÂ∏Ç'),(94,79,'Âà†Èô§ÂüéÂ∏Ç',NULL,NULL,NULL,'sys:city:delete',NULL,NULL,''),(95,80,'Ê∑ªÂä†Á∫øË∑Ø',NULL,NULL,NULL,'sys:line:add',NULL,NULL,'Ê∑ªÂä†Á∫øË∑Ø'),(96,80,'Âà†Èô§Á∫øË∑Ø',NULL,NULL,NULL,'sys:line:delete',NULL,NULL,''),(97,3,'Âà†Èô§Áî®Êà∑',NULL,NULL,NULL,'sys:user:delete',NULL,NULL,'Âà†Èô§Áî®Êà∑'),(98,3,'ËÆæÁΩÆËßíËâ≤',NULL,NULL,NULL,'sys:user:toRole',NULL,NULL,'ËÆæÁΩÆËßíËâ≤'),(99,2,'‰øÆÊîπ',NULL,NULL,NULL,'sys:role:update',NULL,NULL,''),(100,39,'Â≠êËèúÂçï-Ê∑ªÂä†',NULL,NULL,NULL,'sys:subperm:add',NULL,NULL,''),(101,39,'Â≠êËèúÂçï-‰øÆÊîπ',NULL,NULL,NULL,'sys:subperm:update',NULL,NULL,''),(102,39,'Â≠êËèúÂçï-Âà†Èô§',NULL,NULL,NULL,'sys:subperm:delete',NULL,NULL,''),(103,12,'Ê∑ªÂä†ÊùÉÈôê',NULL,NULL,NULL,'sys:permission:add',NULL,NULL,''),(104,12,'‰øÆÊîπÊùÉÈôê',NULL,NULL,NULL,'sys:permission:update',NULL,NULL,'‰øÆÊîπÊùÉÈôê'),(105,12,'Âà†Èô§ÊùÉÈôê',NULL,NULL,NULL,'sys:permission:delete',NULL,NULL,'Âà†Èô§ÊùÉÈôê'),(106,NULL,'Á≥ªÁªüÁªüËÆ°',NULL,NULL,'',NULL,'&#xe61a;',NULL,'ÁªüËÆ°Á≥ªÁªüËÆøÈóÆÈáè'),(107,106,'ËÆøÈóÆÁªüËÆ°',NULL,NULL,'/logcount/index',NULL,NULL,NULL,''),(108,37,'ÂÆöÊó∂Ê∑ªÂä†',NULL,NULL,NULL,'sys:quartz:add',NULL,NULL,'ÂÆöÊó∂Ê∑ªÂä†'),(109,37,'ÂÆöÊó∂Âà†Èô§',NULL,NULL,NULL,'sys:quartz:delete',NULL,NULL,'ÂÆöÊó∂Âà†Èô§'),(110,92,'ÈÇÆ‰ª∂Âà†Èô§',NULL,NULL,NULL,'sys:email:delete',NULL,NULL,'ÈÇÆ‰ª∂Âà†Èô§'),(111,37,'Á´ãÂç≥ÊâßË°å‰∏ÄÊ¨°',NULL,NULL,NULL,'sys:quartz:start',NULL,NULL,''),(112,37,'ÊöÇÂÅú',NULL,NULL,NULL,'sys:quartz:stop',NULL,NULL,''),(113,37,'ÊÅ¢Â§ç',NULL,NULL,NULL,'sys:quartz:resume',NULL,NULL,''),(114,79,'‰øÆÊîπÂüéÂ∏Ç',NULL,NULL,NULL,'sys:city:update',NULL,NULL,''),(115,79,'Âå∫ÂüüÂà†Èô§',NULL,NULL,NULL,'sys:area:delete',NULL,NULL,''),(116,79,'Âå∫Âüü‰øÆÊîπ',NULL,NULL,NULL,'sys:area:update',NULL,NULL,''),(117,80,'Âà†Èô§Á´ôÂêç',NULL,NULL,NULL,'sys:station:delete',NULL,NULL,''),(122,NULL,'ËØÑËÆ∫ÁÆ°ÁêÜ',NULL,NULL,'',NULL,'&#xe622;',NULL,''),(123,122,'ÊÑèËßÅÂèçÈ¶à',NULL,NULL,'/comment/index',NULL,NULL,NULL,''),(130,15,'ÈÇÆ‰ª∂ÂèëÈÄÅÊó•Âøó',NULL,NULL,'/email_log/index',NULL,NULL,NULL,''),(131,106,'ÊñπÊ≥ïÊó•Âøó',NULL,NULL,'/method/list',NULL,NULL,NULL,''),(132,NULL,'ÂïÜÂìÅÁÆ°ÁêÜ',NULL,NULL,NULL,NULL,'Óò†',NULL,NULL),(133,132,'ÂïÜÂìÅÂàÜÁ±ª',NULL,NULL,'/weixinShopCategoryController/weixinShopCart',NULL,NULL,NULL,'ÂæÆ‰ø°ÂïÜÂìÅÂàÜÁ±ª'),(134,NULL,'ÂæÆ‰ø°ÁÆ°ÁêÜ',NULL,NULL,NULL,NULL,'Óöî',NULL,NULL),(135,134,'ÂæÆ‰ø°ËèúÂçï',NULL,NULL,'/menuManagerController/list',NULL,NULL,NULL,'ÂÖ¨‰ºóÂè∑È¶ñÈ°µËèúÂçï'),(136,132,'ÂïÜÂìÅÁÆ°ÁêÜ',NULL,NULL,'/weixinShopGoodsController/weixinShopGoods',NULL,NULL,NULL,'ÁÆ°ÁêÜÂïÜÂìÅ'),(137,NULL,'Ë¥≠‰π∞ÁÆ°ÁêÜ',NULL,NULL,NULL,NULL,'Óöπ',NULL,NULL),(138,137,'Ë¥≠Áâ©ËΩ¶ÁÆ°ÁêÜ',NULL,NULL,'/weixinShopCartController/weixinShopCart',NULL,NULL,NULL,''),(139,NULL,'ÂÆ¢ÊúçÁÆ°ÁêÜ',NULL,NULL,NULL,NULL,'Óõá',NULL,NULL),(140,139,'ÂÆ¢ÊúçÁÆ°ÁêÜ',NULL,NULL,'/customerServiceController/customerService',NULL,NULL,NULL,'ÂÆ¢ÊúçÁÆ°ÁêÜ'),(141,134,'ÂÖ¨‰ºóÂè∑ÁÆ°ÁêÜ',NULL,NULL,'/weixinAccountController/weixinAccount',NULL,NULL,NULL,''),(142,1,'Á≥ªÁªüÂõæÊ†á',NULL,NULL,'/system/icon',NULL,NULL,NULL,''),(143,15,'ÂÆöÊó∂‰ªªÂä°Ë°®ËææÂºè',NULL,NULL,'/systemCornController/list',NULL,NULL,NULL,'Ëá™ÂÆö‰πâÂÆöÊó∂‰ªªÂä°');

/*Table structure for table `qrtz_blob_triggers` */

DROP TABLE IF EXISTS `qrtz_blob_triggers`;

CREATE TABLE `qrtz_blob_triggers` (
  `SCHED_NAME` varchar(120) NOT NULL,
  `TRIGGER_NAME` varchar(200) NOT NULL,
  `TRIGGER_GROUP` varchar(200) NOT NULL,
  `BLOB_DATA` blob,
  PRIMARY KEY (`SCHED_NAME`,`TRIGGER_NAME`,`TRIGGER_GROUP`),
  KEY `SCHED_NAME` (`SCHED_NAME`,`TRIGGER_NAME`,`TRIGGER_GROUP`),
  CONSTRAINT `qrtz_blob_triggers_ibfk_1` FOREIGN KEY (`SCHED_NAME`, `TRIGGER_NAME`, `TRIGGER_GROUP`) REFERENCES `qrtz_triggers` (`SCHED_NAME`, `TRIGGER_NAME`, `TRIGGER_GROUP`)
) ENGINE=InnoDB DEFAULT CHARSET=utf8;

/*Data for the table `qrtz_blob_triggers` */

/*Table structure for table `qrtz_calendars` */

DROP TABLE IF EXISTS `qrtz_calendars`;

CREATE TABLE `qrtz_calendars` (
  `SCHED_NAME` varchar(120) NOT NULL,
  `CALENDAR_NAME` varchar(200) NOT NULL,
  `CALENDAR` blob NOT NULL,
  PRIMARY KEY (`SCHED_NAME`,`CALENDAR_NAME`)
) ENGINE=InnoDB DEFAULT CHARSET=utf8;

/*Data for the table `qrtz_calendars` */

/*Table structure for table `qrtz_corn` */

DROP TABLE IF EXISTS `qrtz_corn`;

CREATE TABLE `qrtz_corn` (
  `id` int(11) NOT NULL AUTO_INCREMENT,
  `corn` varchar(100) DEFAULT NULL,
  `name` varchar(100) DEFAULT NULL,
  PRIMARY KEY (`id`)
) ENGINE=InnoDB AUTO_INCREMENT=5 DEFAULT CHARSET=utf8;

/*Data for the table `qrtz_corn` */

insert  into `qrtz_corn`(`id`,`corn`,`name`) values (3,'0 0 12 * * ?','ÊØèÂ§©‰∏≠Âçà12ÁÇπËß¶Âèë '),(4,'0 */1 * * * ?','ÊØèÈöî‰∏ÄÂàÜÈíüÊâßË°å‰∏ÄÊ¨°');

/*Table structure for table `qrtz_cron_triggers` */

DROP TABLE IF EXISTS `qrtz_cron_triggers`;

CREATE TABLE `qrtz_cron_triggers` (
  `SCHED_NAME` varchar(120) NOT NULL,
  `TRIGGER_NAME` varchar(200) NOT NULL,
  `TRIGGER_GROUP` varchar(200) NOT NULL,
  `CRON_EXPRESSION` varchar(120) NOT NULL,
  `TIME_ZONE_ID` varchar(80) DEFAULT NULL,
  PRIMARY KEY (`SCHED_NAME`,`TRIGGER_NAME`,`TRIGGER_GROUP`),
  CONSTRAINT `qrtz_cron_triggers_ibfk_1` FOREIGN KEY (`SCHED_NAME`, `TRIGGER_NAME`, `TRIGGER_GROUP`) REFERENCES `qrtz_triggers` (`SCHED_NAME`, `TRIGGER_NAME`, `TRIGGER_GROUP`)
) ENGINE=InnoDB DEFAULT CHARSET=utf8;

/*Data for the table `qrtz_cron_triggers` */

insert  into `qrtz_cron_triggers`(`SCHED_NAME`,`TRIGGER_NAME`,`TRIGGER_GROUP`,`CRON_EXPRESSION`,`TIME_ZONE_ID`) values ('scheduler','Á≥ªÁªüÊìç‰ΩúÊó•ÂøóÂà†Èô§','group2','0 0 12 * * ?','Asia/Shanghai');

/*Table structure for table `qrtz_fired_triggers` */

DROP TABLE IF EXISTS `qrtz_fired_triggers`;

CREATE TABLE `qrtz_fired_triggers` (
  `SCHED_NAME` varchar(120) NOT NULL,
  `ENTRY_ID` varchar(95) NOT NULL,
  `TRIGGER_NAME` varchar(200) NOT NULL,
  `TRIGGER_GROUP` varchar(200) NOT NULL,
  `INSTANCE_NAME` varchar(200) NOT NULL,
  `FIRED_TIME` bigint(13) NOT NULL,
  `SCHED_TIME` bigint(13) NOT NULL,
  `PRIORITY` int(11) NOT NULL,
  `STATE` varchar(16) NOT NULL,
  `JOB_NAME` varchar(200) DEFAULT NULL,
  `JOB_GROUP` varchar(200) DEFAULT NULL,
  `IS_NONCONCURRENT` varchar(1) DEFAULT NULL,
  `REQUESTS_RECOVERY` varchar(1) DEFAULT NULL,
  PRIMARY KEY (`SCHED_NAME`,`ENTRY_ID`),
  KEY `IDX_QRTZ_FT_TRIG_INST_NAME` (`SCHED_NAME`,`INSTANCE_NAME`),
  KEY `IDX_QRTZ_FT_INST_JOB_REQ_RCVRY` (`SCHED_NAME`,`INSTANCE_NAME`,`REQUESTS_RECOVERY`),
  KEY `IDX_QRTZ_FT_J_G` (`SCHED_NAME`,`JOB_NAME`,`JOB_GROUP`),
  KEY `IDX_QRTZ_FT_JG` (`SCHED_NAME`,`JOB_GROUP`),
  KEY `IDX_QRTZ_FT_T_G` (`SCHED_NAME`,`TRIGGER_NAME`,`TRIGGER_GROUP`),
  KEY `IDX_QRTZ_FT_TG` (`SCHED_NAME`,`TRIGGER_GROUP`)
) ENGINE=InnoDB DEFAULT CHARSET=utf8;

/*Data for the table `qrtz_fired_triggers` */

/*Table structure for table `qrtz_job_details` */

DROP TABLE IF EXISTS `qrtz_job_details`;

CREATE TABLE `qrtz_job_details` (
  `SCHED_NAME` varchar(120) NOT NULL,
  `JOB_NAME` varchar(200) NOT NULL,
  `JOB_GROUP` varchar(200) NOT NULL,
  `DESCRIPTION` varchar(250) DEFAULT NULL,
  `JOB_CLASS_NAME` varchar(250) NOT NULL,
  `IS_DURABLE` varchar(1) NOT NULL,
  `IS_NONCONCURRENT` varchar(1) NOT NULL,
  `IS_UPDATE_DATA` varchar(1) NOT NULL,
  `REQUESTS_RECOVERY` varchar(1) NOT NULL,
  `JOB_DATA` blob,
  PRIMARY KEY (`SCHED_NAME`,`JOB_NAME`,`JOB_GROUP`),
  KEY `IDX_QRTZ_J_REQ_RECOVERY` (`SCHED_NAME`,`REQUESTS_RECOVERY`),
  KEY `IDX_QRTZ_J_GRP` (`SCHED_NAME`,`JOB_GROUP`)
) ENGINE=InnoDB DEFAULT CHARSET=utf8;

/*Data for the table `qrtz_job_details` */

insert  into `qrtz_job_details`(`SCHED_NAME`,`JOB_NAME`,`JOB_GROUP`,`DESCRIPTION`,`JOB_CLASS_NAME`,`IS_DURABLE`,`IS_NONCONCURRENT`,`IS_UPDATE_DATA`,`REQUESTS_RECOVERY`,`JOB_DATA`) values ('scheduler','Á≥ªÁªüÊìç‰ΩúÊó•ÂøóÂà†Èô§','group2',NULL,'com.fruit.web.quartz.SystemMethodQuartz','0','0','0','0','¨Ì\0sr\0org.quartz.JobDataMapü∞ÉËø©∞À\0\0xr\0&org.quartz.utils.StringKeyDirtyFlagMapÇË√˚≈](\0Z\0allowsTransientDataxr\0org.quartz.utils.DirtyFlagMapÊ.≠(v\nŒ\0Z\0dirtyL\0mapt\0Ljava/util/Map;xpsr\0java.util.HashMap⁄¡√`—\0F\0\nloadFactorI\0	thresholdxp?@\0\0\0\0\0w\0\0\0\0\0\0t\0scheduleJobsr\0com.fruit.web.model.ScheduleJob\0\0\0\0\0\0\0\0L\0	classNamet\0Ljava/lang/String;L\0cronExpressionq\0~\0	L\0descriptionq\0~\0	L\0groupq\0~\0	L\0nameq\0~\0	L\0statusq\0~\0	xpt\0\'com.fruit.web.quartz.SystemMethodQuartzt\00 0 12 * * ?pt\0group2t\0Á≥ªÁªüÊìç‰ΩúÊó•ÂøóÂà†Èô§t\01x\0');

/*Table structure for table `qrtz_locks` */

DROP TABLE IF EXISTS `qrtz_locks`;

CREATE TABLE `qrtz_locks` (
  `SCHED_NAME` varchar(120) NOT NULL,
  `LOCK_NAME` varchar(40) NOT NULL,
  PRIMARY KEY (`SCHED_NAME`,`LOCK_NAME`)
) ENGINE=InnoDB DEFAULT CHARSET=utf8;

/*Data for the table `qrtz_locks` */

insert  into `qrtz_locks`(`SCHED_NAME`,`LOCK_NAME`) values ('scheduler','STATE_ACCESS'),('scheduler','TRIGGER_ACCESS');

/*Table structure for table `qrtz_paused_trigger_grps` */

DROP TABLE IF EXISTS `qrtz_paused_trigger_grps`;

CREATE TABLE `qrtz_paused_trigger_grps` (
  `SCHED_NAME` varchar(120) NOT NULL,
  `TRIGGER_GROUP` varchar(200) NOT NULL,
  PRIMARY KEY (`SCHED_NAME`,`TRIGGER_GROUP`)
) ENGINE=InnoDB DEFAULT CHARSET=utf8;

/*Data for the table `qrtz_paused_trigger_grps` */

/*Table structure for table `qrtz_scheduler_state` */

DROP TABLE IF EXISTS `qrtz_scheduler_state`;

CREATE TABLE `qrtz_scheduler_state` (
  `SCHED_NAME` varchar(120) NOT NULL,
  `INSTANCE_NAME` varchar(200) NOT NULL,
  `LAST_CHECKIN_TIME` bigint(13) NOT NULL,
  `CHECKIN_INTERVAL` bigint(13) NOT NULL,
  PRIMARY KEY (`SCHED_NAME`,`INSTANCE_NAME`)
) ENGINE=InnoDB DEFAULT CHARSET=utf8;

/*Data for the table `qrtz_scheduler_state` */

insert  into `qrtz_scheduler_state`(`SCHED_NAME`,`INSTANCE_NAME`,`LAST_CHECKIN_TIME`,`CHECKIN_INTERVAL`) values ('scheduler','DESKTOP-M3N40EE1476865810023',1476870520921,15000),('scheduler','DESKTOP-M3N40EE1476865821684',1476870532602,15000);

/*Table structure for table `qrtz_simple_triggers` */

DROP TABLE IF EXISTS `qrtz_simple_triggers`;

CREATE TABLE `qrtz_simple_triggers` (
  `SCHED_NAME` varchar(120) NOT NULL,
  `TRIGGER_NAME` varchar(200) NOT NULL,
  `TRIGGER_GROUP` varchar(200) NOT NULL,
  `REPEAT_COUNT` bigint(7) NOT NULL,
  `REPEAT_INTERVAL` bigint(12) NOT NULL,
  `TIMES_TRIGGERED` bigint(10) NOT NULL,
  PRIMARY KEY (`SCHED_NAME`,`TRIGGER_NAME`,`TRIGGER_GROUP`),
  CONSTRAINT `qrtz_simple_triggers_ibfk_1` FOREIGN KEY (`SCHED_NAME`, `TRIGGER_NAME`, `TRIGGER_GROUP`) REFERENCES `qrtz_triggers` (`SCHED_NAME`, `TRIGGER_NAME`, `TRIGGER_GROUP`)
) ENGINE=InnoDB DEFAULT CHARSET=utf8;

/*Data for the table `qrtz_simple_triggers` */

/*Table structure for table `qrtz_simprop_triggers` */

DROP TABLE IF EXISTS `qrtz_simprop_triggers`;

CREATE TABLE `qrtz_simprop_triggers` (
  `SCHED_NAME` varchar(120) NOT NULL,
  `TRIGGER_NAME` varchar(200) NOT NULL,
  `TRIGGER_GROUP` varchar(200) NOT NULL,
  `STR_PROP_1` varchar(512) DEFAULT NULL,
  `STR_PROP_2` varchar(512) DEFAULT NULL,
  `STR_PROP_3` varchar(512) DEFAULT NULL,
  `INT_PROP_1` int(11) DEFAULT NULL,
  `INT_PROP_2` int(11) DEFAULT NULL,
  `LONG_PROP_1` bigint(20) DEFAULT NULL,
  `LONG_PROP_2` bigint(20) DEFAULT NULL,
  `DEC_PROP_1` decimal(13,4) DEFAULT NULL,
  `DEC_PROP_2` decimal(13,4) DEFAULT NULL,
  `BOOL_PROP_1` varchar(1) DEFAULT NULL,
  `BOOL_PROP_2` varchar(1) DEFAULT NULL,
  PRIMARY KEY (`SCHED_NAME`,`TRIGGER_NAME`,`TRIGGER_GROUP`),
  CONSTRAINT `qrtz_simprop_triggers_ibfk_1` FOREIGN KEY (`SCHED_NAME`, `TRIGGER_NAME`, `TRIGGER_GROUP`) REFERENCES `qrtz_triggers` (`SCHED_NAME`, `TRIGGER_NAME`, `TRIGGER_GROUP`)
) ENGINE=InnoDB DEFAULT CHARSET=utf8;

/*Data for the table `qrtz_simprop_triggers` */

/*Table structure for table `qrtz_triggers` */

DROP TABLE IF EXISTS `qrtz_triggers`;

CREATE TABLE `qrtz_triggers` (
  `SCHED_NAME` varchar(120) NOT NULL,
  `TRIGGER_NAME` varchar(200) NOT NULL,
  `TRIGGER_GROUP` varchar(200) NOT NULL,
  `JOB_NAME` varchar(200) NOT NULL,
  `JOB_GROUP` varchar(200) NOT NULL,
  `DESCRIPTION` varchar(250) DEFAULT NULL,
  `NEXT_FIRE_TIME` bigint(13) DEFAULT NULL,
  `PREV_FIRE_TIME` bigint(13) DEFAULT NULL,
  `PRIORITY` int(11) DEFAULT NULL,
  `TRIGGER_STATE` varchar(16) NOT NULL,
  `TRIGGER_TYPE` varchar(8) NOT NULL,
  `START_TIME` bigint(13) NOT NULL,
  `END_TIME` bigint(13) DEFAULT NULL,
  `CALENDAR_NAME` varchar(200) DEFAULT NULL,
  `MISFIRE_INSTR` smallint(2) DEFAULT NULL,
  `JOB_DATA` blob,
  PRIMARY KEY (`SCHED_NAME`,`TRIGGER_NAME`,`TRIGGER_GROUP`),
  KEY `IDX_QRTZ_T_J` (`SCHED_NAME`,`JOB_NAME`,`JOB_GROUP`),
  KEY `IDX_QRTZ_T_JG` (`SCHED_NAME`,`JOB_GROUP`),
  KEY `IDX_QRTZ_T_C` (`SCHED_NAME`,`CALENDAR_NAME`),
  KEY `IDX_QRTZ_T_G` (`SCHED_NAME`,`TRIGGER_GROUP`),
  KEY `IDX_QRTZ_T_STATE` (`SCHED_NAME`,`TRIGGER_STATE`),
  KEY `IDX_QRTZ_T_N_STATE` (`SCHED_NAME`,`TRIGGER_NAME`,`TRIGGER_GROUP`,`TRIGGER_STATE`),
  KEY `IDX_QRTZ_T_N_G_STATE` (`SCHED_NAME`,`TRIGGER_GROUP`,`TRIGGER_STATE`),
  KEY `IDX_QRTZ_T_NEXT_FIRE_TIME` (`SCHED_NAME`,`NEXT_FIRE_TIME`),
  KEY `IDX_QRTZ_T_NFT_ST` (`SCHED_NAME`,`TRIGGER_STATE`,`NEXT_FIRE_TIME`),
  KEY `IDX_QRTZ_T_NFT_MISFIRE` (`SCHED_NAME`,`MISFIRE_INSTR`,`NEXT_FIRE_TIME`),
  KEY `IDX_QRTZ_T_NFT_ST_MISFIRE` (`SCHED_NAME`,`MISFIRE_INSTR`,`NEXT_FIRE_TIME`,`TRIGGER_STATE`),
  KEY `IDX_QRTZ_T_NFT_ST_MISFIRE_GRP` (`SCHED_NAME`,`MISFIRE_INSTR`,`NEXT_FIRE_TIME`,`TRIGGER_GROUP`,`TRIGGER_STATE`),
  CONSTRAINT `qrtz_triggers_ibfk_1` FOREIGN KEY (`SCHED_NAME`, `JOB_NAME`, `JOB_GROUP`) REFERENCES `qrtz_job_details` (`SCHED_NAME`, `JOB_NAME`, `JOB_GROUP`)
) ENGINE=InnoDB DEFAULT CHARSET=utf8;

/*Data for the table `qrtz_triggers` */

insert  into `qrtz_triggers`(`SCHED_NAME`,`TRIGGER_NAME`,`TRIGGER_GROUP`,`JOB_NAME`,`JOB_GROUP`,`DESCRIPTION`,`NEXT_FIRE_TIME`,`PREV_FIRE_TIME`,`PRIORITY`,`TRIGGER_STATE`,`TRIGGER_TYPE`,`START_TIME`,`END_TIME`,`CALENDAR_NAME`,`MISFIRE_INSTR`,`JOB_DATA`) values ('scheduler','Á≥ªÁªüÊìç‰ΩúÊó•ÂøóÂà†Èô§','group2','Á≥ªÁªüÊìç‰ΩúÊó•ÂøóÂà†Èô§','group2',NULL,1476936000000,1476862020564,5,'WAITING','CRON',1474611631000,0,NULL,0,'');

/*Table structure for table `system_icon` */

DROP TABLE IF EXISTS `system_icon`;

CREATE TABLE `system_icon` (
  `id` int(11) NOT NULL AUTO_INCREMENT,
  `code` varchar(100) DEFAULT NULL,
  `name` varchar(100) DEFAULT NULL,
  PRIMARY KEY (`id`)
) ENGINE=InnoDB AUTO_INCREMENT=14 DEFAULT CHARSET=utf8;

/*Data for the table `system_icon` */

insert  into `system_icon`(`id`,`code`,`name`) values (1,'&#xe6b9;','Ë¥≠Áâ©ËΩ¶'),(2,'&#xe6bb;','Á§ºÁâ©'),(3,'&#xe71f;','ÊîØ‰ªòÂÆùÊîØ‰ªò1'),(4,'&#xe71c;','ÊîØ‰ªòÂÆùÊîØ‰ªò2'),(5,'&#xe719;','ÂæÆ‰ø°ÊîØ‰ªò'),(6,'&#xe704;','ÊãõÂïÜÈì∂Ë°å'),(7,'&#xe6b4;','‰ºöÂëòÂç°'),(8,'&#xe613;','ÂõæÁâá'),(9,'&#xe627;','ËÆ¢Âçï'),(11,'&#xe694;','ÂæÆ‰ø°'),(12,'&#xe620;','ÂïÜÂìÅ'),(13,'&#xe6c7;','ÂÆ¢Êúç');

/*Table structure for table `system_log` */

DROP TABLE IF EXISTS `system_log`;

CREATE TABLE `system_log` (
  `id` int(11) NOT NULL AUTO_INCREMENT,
  `name` varchar(20) DEFAULT NULL COMMENT 'Êìç‰Ωú‰∫∫',
  `method` varchar(300) DEFAULT NULL COMMENT 'ÊâßË°åÊñπÊ≥ï',
  `ip` varchar(100) DEFAULT NULL,
  `time` varchar(300) DEFAULT NULL COMMENT 'ÊñπÊ≥ïÊâßË°åÊó∂Èó¥',
  `clss` varchar(500) DEFAULT NULL COMMENT 'ÊâßË°åÁ±ª',
  `create_time` timestamp NOT NULL DEFAULT CURRENT_TIMESTAMP ON UPDATE CURRENT_TIMESTAMP COMMENT 'ÊâßË°åÊó∂Èó¥',
  PRIMARY KEY (`id`)
) ENGINE=InnoDB AUTO_INCREMENT=4860 DEFAULT CHARSET=utf8;

/*Data for the table `system_log` */

insert  into `system_log`(`id`,`name`,`method`,`ip`,`time`,`clss`,`create_time`) values (4139,NULL,'view','127.0.0.1','30','com.fruit.web.controller.system.SystemLoginController','2016-09-28 09:25:22'),(4140,'super','login','127.0.0.1','194','com.fruit.web.controller.system.SystemLoginController','2016-09-28 09:25:24'),(4141,'super','home','127.0.0.1','48','com.fruit.web.controller.system.SystemHomeController','2016-09-28 09:25:25'),(4142,'super','getCode','127.0.0.1','1992','com.fruit.web.controller.system.SystemCodeController','2016-09-28 09:25:25'),(4143,'super','welcome','127.0.0.1','334','com.fruit.web.controller.system.SystemHomeController','2016-09-28 09:25:25'),(4144,'super','index','127.0.0.1','17','com.fruit.web.controller.system.count.SystemCountVisitController','2016-09-28 09:25:29'),(4145,'super','actDataArray','127.0.0.1','11','com.fruit.web.controller.system.count.SystemCountVisitController','2016-09-28 09:25:29'),(4146,'super','index','127.0.0.1','131','com.fruit.web.controller.system.count.SystemCountMethodController','2016-09-28 09:25:30'),(4147,'super','index','127.0.0.1','0','com.fruit.web.controller.system.count.SystemCountVisitController','2016-09-28 09:25:37'),(4148,'super','actDataArray','127.0.0.1','9','com.fruit.web.controller.system.count.SystemCountVisitController','2016-09-28 09:25:37'),(4149,'super','index','127.0.0.1','68','com.fruit.web.controller.system.count.SystemCountMethodController','2016-09-28 09:25:38'),(4150,'super','index','127.0.0.1','0','com.fruit.web.controller.system.count.SystemCountVisitController','2016-09-28 09:25:39'),(4151,'super','actDataArray','127.0.0.1','4','com.fruit.web.controller.system.count.SystemCountVisitController','2016-09-28 09:25:39'),(4152,'super','index','127.0.0.1','0','com.fruit.web.controller.system.count.SystemCountVisitController','2016-09-28 09:29:16'),(4153,'super','actDataArray','127.0.0.1','4','com.fruit.web.controller.system.count.SystemCountVisitController','2016-09-28 09:29:16'),(4154,'super','index','127.0.0.1','38','com.fruit.web.controller.system.count.SystemCountMethodController','2016-09-28 09:29:18'),(4155,'super','index','127.0.0.1','17','com.fruit.web.controller.comment.CommentController','2016-09-28 09:29:21'),(4156,'super','toAddComment','127.0.0.1','0','com.fruit.web.controller.comment.CommentController','2016-09-28 09:29:26'),(4157,'super','toAddComment','127.0.0.1','0','com.fruit.web.controller.comment.CommentController','2016-09-28 09:29:31'),(4158,'super','addComment','127.0.0.1','41','com.fruit.web.controller.comment.CommentController','2016-09-28 09:29:32'),(4159,'super','index','127.0.0.1','4','com.fruit.web.controller.comment.CommentController','2016-09-28 09:29:33'),(4160,'super','weixinShopCart','127.0.0.1','41','com.fruit.web.controller.shop.WeixinShopCategoryController','2016-09-28 09:29:49'),(4161,'super','weixinShopGoods','127.0.0.1','13','com.fruit.web.controller.shop.WeixinShopGoodsController','2016-09-28 09:29:57'),(4162,'super','list','127.0.0.1','28','com.fruit.web.controller.menu.MenuManagerController','2016-09-28 09:30:00'),(4163,'super','weixinAccount','127.0.0.1','10','com.fruit.web.controller.account.WeixinAccountController','2016-09-28 09:30:01'),(4164,'super','weixinShopCart','127.0.0.1','15','com.fruit.web.controller.shop.WeixinShopCartController','2016-09-28 09:30:04'),(4165,'super','customerService','127.0.0.1','7','com.fruit.web.controller.customerservice.CustomerServiceController','2016-09-28 09:30:08'),(4166,'super','icon','127.0.0.1','11','com.fruit.web.controller.system.SystemIconController','2016-09-28 09:30:10'),(4167,'super','selectUser','127.0.0.1','23','com.fruit.web.controller.system.SystemUserController','2016-09-28 09:30:14'),(4168,'super','selectRole','127.0.0.1','27','com.fruit.web.controller.system.SystemRoleController','2016-09-28 09:30:15'),(4169,'super','list','127.0.0.1','23','com.fruit.web.controller.system.SystemMenuController','2016-09-28 09:30:17'),(4170,'super','tree','127.0.0.1','32','com.fruit.web.controller.system.SystemMenuController','2016-09-28 09:30:17'),(4171,'super','permissionList','127.0.0.1','11','com.fruit.web.controller.system.SystemPermissionController','2016-09-28 09:30:18'),(4172,'super','tree','127.0.0.1','23','com.fruit.web.controller.system.SystemMenuController','2016-09-28 09:30:19'),(4173,'super','list','127.0.0.1','3','com.fruit.web.controller.system.SystemMenuController','2016-09-28 09:30:31'),(4174,'super','tree','127.0.0.1','19','com.fruit.web.controller.system.SystemMenuController','2016-09-28 09:30:31'),(4175,'super','toAddMenu','127.0.0.1','2','com.fruit.web.controller.system.SystemMenuController','2016-09-28 09:30:32'),(4176,'super','permissionList','127.0.0.1','7','com.fruit.web.controller.system.SystemPermissionController','2016-09-28 09:30:37'),(4177,'super','tree','127.0.0.1','18','com.fruit.web.controller.system.SystemMenuController','2016-09-28 09:30:37'),(4178,'super','toUpdate','127.0.0.1','11','com.fruit.web.controller.system.SystemPermissionController','2016-09-28 09:30:39'),(4179,'super','permissionList','127.0.0.1','1','com.fruit.web.controller.system.SystemPermissionController','2016-09-28 09:32:37'),(4180,'super','tree','127.0.0.1','20','com.fruit.web.controller.system.SystemMenuController','2016-09-28 09:32:37'),(4181,'super','toAdd','127.0.0.1','3791','com.fruit.web.controller.system.SystemPermissionController','2016-09-28 09:32:41'),(4182,'super','permissionList','127.0.0.1','3','com.fruit.web.controller.system.SystemPermissionController','2016-09-28 09:32:48'),(4183,'super','tree','127.0.0.1','21','com.fruit.web.controller.system.SystemMenuController','2016-09-28 09:32:49'),(4184,'super','toUpdate','127.0.0.1','2','com.fruit.web.controller.system.SystemPermissionController','2016-09-28 09:32:52'),(4185,'super','permissionList','127.0.0.1','1','com.fruit.web.controller.system.SystemPermissionController','2016-09-28 09:33:17'),(4186,'super','tree','127.0.0.1','22','com.fruit.web.controller.system.SystemMenuController','2016-09-28 09:33:17'),(4187,'super','permissionList','127.0.0.1','1','com.fruit.web.controller.system.SystemPermissionController','2016-09-28 09:33:18'),(4188,'super','tree','127.0.0.1','22','com.fruit.web.controller.system.SystemMenuController','2016-09-28 09:33:19'),(4189,'super','permissionList','127.0.0.1','2','com.fruit.web.controller.system.SystemPermissionController','2016-09-28 09:33:20'),(4190,'super','tree','127.0.0.1','24','com.fruit.web.controller.system.SystemMenuController','2016-09-28 09:33:20'),(4191,'super','permissionList','127.0.0.1','1','com.fruit.web.controller.system.SystemPermissionController','2016-09-28 09:33:20'),(4192,'super','tree','127.0.0.1','23','com.fruit.web.controller.system.SystemMenuController','2016-09-28 09:33:20'),(4193,'super','permissionList','127.0.0.1','1','com.fruit.web.controller.system.SystemPermissionController','2016-09-28 09:33:21'),(4194,'super','tree','127.0.0.1','26','com.fruit.web.controller.system.SystemMenuController','2016-09-28 09:33:21'),(4195,'super','home','127.0.0.1','11','com.fruit.web.controller.system.SystemHomeController','2016-09-28 09:34:12'),(4196,'super','welcome','127.0.0.1','63','com.fruit.web.controller.system.SystemHomeController','2016-09-28 09:34:12'),(4197,'super','permissionList','127.0.0.1','2','com.fruit.web.controller.system.SystemPermissionController','2016-09-28 09:34:15'),(4198,'super','tree','127.0.0.1','18','com.fruit.web.controller.system.SystemMenuController','2016-09-28 09:34:16'),(4199,'super','permissionList','127.0.0.1','1','com.fruit.web.controller.system.SystemPermissionController','2016-09-28 09:34:41'),(4200,'super','permissionList','127.0.0.1','2','com.fruit.web.controller.system.SystemPermissionController','2016-09-28 09:34:43'),(4201,'super','tree','127.0.0.1','15','com.fruit.web.controller.system.SystemMenuController','2016-09-28 09:34:43'),(4202,'super','list','127.0.0.1','1','com.fruit.web.controller.system.SystemMenuController','2016-09-28 09:34:45'),(4203,'super','tree','127.0.0.1','26','com.fruit.web.controller.system.SystemMenuController','2016-09-28 09:34:45'),(4204,'super','permissionList','127.0.0.1','2','com.fruit.web.controller.system.SystemPermissionController','2016-09-28 09:34:45'),(4205,'super','tree','127.0.0.1','12','com.fruit.web.controller.system.SystemMenuController','2016-09-28 09:34:46'),(4206,'super','home','127.0.0.1','8','com.fruit.web.controller.system.SystemHomeController','2016-09-28 09:34:46'),(4207,'super','welcome','127.0.0.1','50','com.fruit.web.controller.system.SystemHomeController','2016-09-28 09:34:47'),(4208,'super','permissionList','127.0.0.1','2','com.fruit.web.controller.system.SystemPermissionController','2016-09-28 09:34:48'),(4209,'super','permissionList','127.0.0.1','2','com.fruit.web.controller.system.SystemPermissionController','2016-09-28 09:34:49'),(4210,'super','tree','127.0.0.1','17','com.fruit.web.controller.system.SystemMenuController','2016-09-28 09:34:50'),(4211,'super','permissionList','127.0.0.1','2','com.fruit.web.controller.system.SystemPermissionController','2016-09-28 09:34:50'),(4212,'super','tree','127.0.0.1','13','com.fruit.web.controller.system.SystemMenuController','2016-09-28 09:34:50'),(4213,'super','permissionList','127.0.0.1','2','com.fruit.web.controller.system.SystemPermissionController','2016-09-28 09:34:51'),(4214,'super','tree','127.0.0.1','19','com.fruit.web.controller.system.SystemMenuController','2016-09-28 09:34:51'),(4215,'super','home','127.0.0.1','6','com.fruit.web.controller.system.SystemHomeController','2016-09-28 09:35:24'),(4216,'super','welcome','127.0.0.1','71','com.fruit.web.controller.system.SystemHomeController','2016-09-28 09:35:24'),(4217,'super','permissionList','127.0.0.1','3','com.fruit.web.controller.system.SystemPermissionController','2016-09-28 09:35:26'),(4218,'super','tree','127.0.0.1','13','com.fruit.web.controller.system.SystemMenuController','2016-09-28 09:35:27'),(4219,'super','permissionList','127.0.0.1','1','com.fruit.web.controller.system.SystemPermissionController','2016-09-28 09:35:29'),(4220,'super','tree','127.0.0.1','13','com.fruit.web.controller.system.SystemMenuController','2016-09-28 09:35:29'),(4221,'super','permissionList','127.0.0.1','1','com.fruit.web.controller.system.SystemPermissionController','2016-09-28 09:35:31'),(4222,'super','tree','127.0.0.1','14','com.fruit.web.controller.system.SystemMenuController','2016-09-28 09:35:31'),(4223,'super','permissionList','127.0.0.1','2','com.fruit.web.controller.system.SystemPermissionController','2016-09-28 09:35:32'),(4224,'super','tree','127.0.0.1','14','com.fruit.web.controller.system.SystemMenuController','2016-09-28 09:35:32'),(4225,'super','getAllJobs','127.0.0.1','104','com.fruit.web.controller.system.listener.SystemTimerController','2016-09-28 09:35:35'),(4226,'super','list','127.0.0.1','31','com.fruit.web.controller.system.listener.SystemEmailController','2016-09-28 09:35:39'),(4227,'super','index','127.0.0.1','12','com.fruit.web.controller.system.listener.SystemEmailLogController','2016-09-28 09:35:42'),(4228,'super','list','127.0.0.1','19','com.fruit.web.controller.system.listener.SystemCornController','2016-09-28 09:35:44'),(4229,'super','list','127.0.0.1','2','com.fruit.web.controller.system.listener.SystemCornController','2016-09-28 09:35:48'),(4230,'super','toAddCorn','127.0.0.1','0','com.fruit.web.controller.system.listener.SystemCornController','2016-09-28 09:35:49'),(4231,'super','index','127.0.0.1','2','com.fruit.web.controller.comment.CommentController','2016-09-28 09:35:52'),(4232,'super','weixinShopCart','127.0.0.1','4','com.fruit.web.controller.shop.WeixinShopCategoryController','2016-09-28 09:35:54'),(4233,'super','weixinShopGoods','127.0.0.1','6','com.fruit.web.controller.shop.WeixinShopGoodsController','2016-09-28 09:35:54'),(4234,NULL,'view','192.168.1.135','23','com.fruit.web.controller.system.SystemLoginController','2016-09-28 10:46:22'),(4235,NULL,'getCode','192.168.1.135','2729','com.fruit.web.controller.system.SystemCodeController','2016-09-28 10:46:25'),(4236,NULL,'goHome','192.168.1.135','4','com.fruit.web.controller.weixin.home.WfruitHomeController','2016-09-28 10:48:11'),(4237,NULL,'goHome','192.168.1.135','0','com.fruit.web.controller.weixin.home.WfruitHomeController','2016-09-28 10:48:50'),(4238,NULL,'goHome','192.168.1.110','0','com.fruit.web.controller.weixin.home.WfruitHomeController','2016-09-28 10:51:24'),(4239,NULL,'goHome','192.168.1.110','0','com.fruit.web.controller.weixin.home.WfruitHomeController','2016-09-28 10:52:01'),(4240,NULL,'goHome','192.168.1.110','0','com.fruit.web.controller.weixin.home.WfruitHomeController','2016-09-28 10:52:04'),(4241,NULL,'goHome','192.168.1.135','0','com.fruit.web.controller.weixin.home.WfruitHomeController','2016-09-28 10:53:01'),(4242,NULL,'goHome','192.168.1.135','0','com.fruit.web.controller.weixin.home.WfruitHomeController','2016-09-28 10:53:03'),(4243,NULL,'goHome','192.168.1.110','1','com.fruit.web.controller.weixin.home.WfruitHomeController','2016-09-28 10:53:08'),(4244,NULL,'goHome','192.168.1.135','0','com.fruit.web.controller.weixin.home.WfruitHomeController','2016-09-28 11:08:50'),(4245,NULL,'goHome','192.168.1.135','0','com.fruit.web.controller.weixin.home.WfruitHomeController','2016-09-28 11:09:02'),(4246,NULL,'goHome','192.168.1.135','0','com.fruit.web.controller.weixin.home.WfruitHomeController','2016-09-28 11:09:04'),(4247,NULL,'goHome','192.168.1.135','0','com.fruit.web.controller.weixin.home.WfruitHomeController','2016-09-28 11:09:05'),(4248,NULL,'goHome','192.168.1.135','0','com.fruit.web.controller.weixin.home.WfruitHomeController','2016-09-28 11:09:06'),(4249,NULL,'goHome','192.168.1.135','0','com.fruit.web.controller.weixin.home.WfruitHomeController','2016-09-28 11:09:06'),(4250,NULL,'goHome','192.168.1.135','0','com.fruit.web.controller.weixin.home.WfruitHomeController','2016-09-28 11:09:06'),(4251,NULL,'goHome','192.168.1.135','0','com.fruit.web.controller.weixin.home.WfruitHomeController','2016-09-28 11:09:09'),(4252,NULL,'goHome','192.168.1.135','0','com.fruit.web.controller.weixin.home.WfruitHomeController','2016-09-28 11:09:11'),(4253,NULL,'goHome','192.168.1.135','0','com.fruit.web.controller.weixin.home.WfruitHomeController','2016-09-28 11:09:23'),(4254,NULL,'goHome','192.168.1.135','0','com.fruit.web.controller.weixin.home.WfruitHomeController','2016-09-28 11:09:24'),(4255,NULL,'goHome','192.168.1.135','0','com.fruit.web.controller.weixin.home.WfruitHomeController','2016-09-28 11:09:25'),(4256,NULL,'goHome','192.168.1.135','0','com.fruit.web.controller.weixin.home.WfruitHomeController','2016-09-28 11:09:25'),(4257,NULL,'goHome','192.168.1.135','0','com.fruit.web.controller.weixin.home.WfruitHomeController','2016-09-28 11:09:25'),(4258,NULL,'goHome','192.168.1.135','0','com.fruit.web.controller.weixin.home.WfruitHomeController','2016-09-28 11:09:28'),(4259,NULL,'goHome','192.168.1.110','7','com.fruit.web.controller.weixin.home.WfruitHomeController','2016-09-28 13:14:02'),(4260,NULL,'goHome','192.168.1.110','0','com.fruit.web.controller.weixin.home.WfruitHomeController','2016-09-28 13:15:00'),(4261,NULL,'goHome','192.168.1.110','0','com.fruit.web.controller.weixin.home.WfruitHomeController','2016-09-28 13:16:48'),(4262,NULL,'goHome','192.168.1.110','0','com.fruit.web.controller.weixin.home.WfruitHomeController','2016-09-28 13:21:26'),(4263,NULL,'goHome','192.168.1.110','0','com.fruit.web.controller.weixin.home.WfruitHomeController','2016-09-28 13:23:00'),(4264,NULL,'goHome','192.168.1.110','0','com.fruit.web.controller.weixin.home.WfruitHomeController','2016-09-28 13:32:14'),(4265,NULL,'goHome','192.168.1.110','0','com.fruit.web.controller.weixin.home.WfruitHomeController','2016-09-28 13:32:16'),(4266,NULL,'goHome','192.168.1.110','1','com.fruit.web.controller.weixin.home.WfruitHomeController','2016-09-28 13:32:18'),(4267,NULL,'goHome','192.168.1.110','4','com.fruit.web.controller.weixin.home.WfruitHomeController','2016-09-28 13:36:29'),(4268,NULL,'goShop','192.168.1.110','0','com.fruit.web.controller.weixin.home.WfruitHomeController','2016-09-28 13:36:31'),(4269,NULL,'goShop','192.168.1.110','0','com.fruit.web.controller.weixin.home.WfruitHomeController','2016-09-28 13:36:41'),(4270,NULL,'goShop','192.168.1.110','0','com.fruit.web.controller.weixin.home.WfruitHomeController','2016-09-28 13:36:42'),(4271,NULL,'goShop','192.168.1.110','0','com.fruit.web.controller.weixin.home.WfruitHomeController','2016-09-28 13:36:43'),(4272,NULL,'goShop','192.168.1.110','0','com.fruit.web.controller.weixin.home.WfruitHomeController','2016-09-28 13:36:44'),(4273,NULL,'goShop','192.168.1.110','0','com.fruit.web.controller.weixin.home.WfruitHomeController','2016-09-28 13:37:09'),(4274,NULL,'goShop','192.168.1.110','0','com.fruit.web.controller.weixin.home.WfruitHomeController','2016-09-28 13:39:16'),(4275,NULL,'goShop','192.168.1.110','0','com.fruit.web.controller.weixin.home.WfruitHomeController','2016-09-28 13:39:24'),(4276,NULL,'goShop','192.168.1.110','0','com.fruit.web.controller.weixin.home.WfruitHomeController','2016-09-28 13:39:33'),(4277,NULL,'goShop','192.168.1.110','0','com.fruit.web.controller.weixin.home.WfruitHomeController','2016-09-28 13:39:34'),(4278,NULL,'goShop','192.168.1.110','0','com.fruit.web.controller.weixin.home.WfruitHomeController','2016-09-28 13:39:38'),(4279,NULL,'goShop','192.168.1.110','0','com.fruit.web.controller.weixin.home.WfruitHomeController','2016-09-28 13:39:39'),(4280,NULL,'goShop','192.168.1.110','0','com.fruit.web.controller.weixin.home.WfruitHomeController','2016-09-28 13:39:47'),(4281,NULL,'goShop','192.168.1.110','0','com.fruit.web.controller.weixin.home.WfruitHomeController','2016-09-28 13:39:48'),(4282,NULL,'goShop','192.168.1.110','0','com.fruit.web.controller.weixin.home.WfruitHomeController','2016-09-28 13:40:01'),(4283,NULL,'goShop','192.168.1.110','0','com.fruit.web.controller.weixin.home.WfruitHomeController','2016-09-28 13:40:02'),(4284,NULL,'goShop','192.168.1.110','0','com.fruit.web.controller.weixin.home.WfruitHomeController','2016-09-28 13:41:10'),(4285,NULL,'goHome','192.168.1.110','0','com.fruit.web.controller.weixin.home.WfruitHomeController','2016-09-28 13:41:12'),(4286,NULL,'goShop','192.168.1.110','0','com.fruit.web.controller.weixin.home.WfruitHomeController','2016-09-28 13:41:26'),(4287,NULL,'goShop','192.168.1.110','0','com.fruit.web.controller.weixin.home.WfruitHomeController','2016-09-28 13:41:33'),(4288,NULL,'goShop','192.168.1.110','0','com.fruit.web.controller.weixin.home.WfruitHomeController','2016-09-28 13:41:34'),(4289,NULL,'goShop','192.168.1.110','0','com.fruit.web.controller.weixin.home.WfruitHomeController','2016-09-28 13:41:43'),(4290,NULL,'goHome','192.168.1.110','4','com.fruit.web.controller.weixin.home.WfruitHomeController','2016-09-28 14:12:22'),(4291,NULL,'goHome','192.168.1.110','0','com.fruit.web.controller.weixin.home.WfruitHomeController','2016-09-28 14:12:25'),(4292,NULL,'goShop','192.168.1.110','13','com.fruit.web.controller.weixin.shop.WfruitShopController','2016-09-28 14:12:26'),(4293,NULL,'goHome','192.168.1.110','0','com.fruit.web.controller.weixin.home.WfruitHomeController','2016-09-28 14:12:28'),(4294,NULL,'goHome','192.168.1.110','0','com.fruit.web.controller.weixin.home.WfruitHomeController','2016-09-28 14:12:33'),(4295,NULL,'goHome','192.168.1.110','5','com.fruit.web.controller.weixin.home.WfruitHomeController','2016-09-28 14:14:01'),(4296,NULL,'goShop','192.168.1.110','9','com.fruit.web.controller.weixin.shop.WfruitShopController','2016-09-28 14:14:09'),(4297,NULL,'goHome','192.168.1.110','0','com.fruit.web.controller.weixin.home.WfruitHomeController','2016-09-28 14:14:10'),(4298,NULL,'goShop','192.168.1.110','5','com.fruit.web.controller.weixin.cart.WfruitShopCartController','2016-09-28 14:14:11'),(4299,NULL,'goShop','192.168.1.110','4','com.fruit.web.controller.weixin.cart.WfruitShopCartController','2016-09-28 14:19:29'),(4300,NULL,'goShop','192.168.1.110','6','com.fruit.web.controller.weixin.cart.WfruitShopCartController','2016-09-28 14:22:52'),(4301,NULL,'goHome','192.168.1.110','10','com.fruit.web.controller.weixin.home.WfruitHomeController','2016-09-28 14:23:01'),(4302,NULL,'goShop','192.168.1.110','4','com.fruit.web.controller.weixin.shop.WfruitShopController','2016-09-28 14:23:02'),(4303,NULL,'goShop','192.168.1.110','0','com.fruit.web.controller.weixin.cart.WfruitShopCartController','2016-09-28 14:23:04'),(4304,NULL,'goHome','192.168.1.110','0','com.fruit.web.controller.weixin.home.WfruitHomeController','2016-09-28 14:23:06'),(4305,NULL,'goShop','192.168.1.110','0','com.fruit.web.controller.weixin.shop.WfruitShopController','2016-09-28 14:23:07'),(4306,NULL,'goShop','192.168.1.110','0','com.fruit.web.controller.weixin.shop.WfruitShopController','2016-09-28 14:23:19'),(4307,NULL,'goShop','192.168.1.110','0','com.fruit.web.controller.weixin.shop.WfruitShopController','2016-09-28 14:23:23'),(4308,NULL,'goShop','192.168.1.110','0','com.fruit.web.controller.weixin.shop.WfruitShopController','2016-09-28 14:23:24'),(4309,NULL,'goHome','192.168.1.110','0','com.fruit.web.controller.weixin.home.WfruitHomeController','2016-09-28 14:23:26'),(4310,NULL,'goShop','192.168.1.110','0','com.fruit.web.controller.weixin.shop.WfruitShopController','2016-09-28 14:23:27'),(4311,NULL,'goShop','192.168.1.110','0','com.fruit.web.controller.weixin.cart.WfruitShopCartController','2016-09-28 14:23:30'),(4312,NULL,'goShop','192.168.1.110','0','com.fruit.web.controller.weixin.cart.WfruitShopCartController','2016-09-28 14:23:52'),(4313,NULL,'goShop','192.168.1.110','6','com.fruit.web.controller.weixin.customer.WfruitCustomerController','2016-09-28 14:23:57'),(4314,NULL,'goShop','192.168.1.110','0','com.fruit.web.controller.weixin.shop.WfruitShopController','2016-09-28 14:24:01'),(4315,NULL,'goShop','192.168.1.110','0','com.fruit.web.controller.weixin.cart.WfruitShopCartController','2016-09-28 14:24:03'),(4316,NULL,'goShop','192.168.1.110','0','com.fruit.web.controller.weixin.customer.WfruitCustomerController','2016-09-28 14:24:04'),(4317,NULL,'goShop','192.168.1.110','0','com.fruit.web.controller.weixin.customer.WfruitCustomerController','2016-09-28 14:24:50'),(4318,NULL,'goShop','192.168.1.110','0','com.fruit.web.controller.weixin.customer.WfruitCustomerController','2016-09-28 14:25:01'),(4319,NULL,'goShop','192.168.1.110','0','com.fruit.web.controller.weixin.customer.WfruitCustomerController','2016-09-28 14:25:03'),(4320,NULL,'goShop','192.168.1.110','0','com.fruit.web.controller.weixin.customer.WfruitCustomerController','2016-09-28 14:25:04'),(4321,NULL,'goShop','192.168.1.110','0','com.fruit.web.controller.weixin.cart.WfruitShopCartController','2016-09-28 14:25:05'),(4322,NULL,'goShop','192.168.1.110','0','com.fruit.web.controller.weixin.customer.WfruitCustomerController','2016-09-28 14:25:06'),(4323,NULL,'goShop','192.168.1.110','0','com.fruit.web.controller.weixin.cart.WfruitShopCartController','2016-09-28 14:25:50'),(4324,NULL,'goShop','192.168.1.110','0','com.fruit.web.controller.weixin.shop.WfruitShopController','2016-09-28 14:25:55'),(4325,NULL,'goShop','192.168.1.110','5','com.fruit.web.controller.weixin.shop.WfruitShopController','2016-09-28 15:19:32'),(4326,NULL,'goHome','192.168.1.110','5','com.fruit.web.controller.weixin.home.WfruitHomeController','2016-09-28 15:19:34'),(4327,NULL,'goShop','192.168.1.110','0','com.fruit.web.controller.weixin.shop.WfruitShopController','2016-09-28 15:23:08'),(4328,NULL,'goShop','192.168.1.110','0','com.fruit.web.controller.weixin.shop.WfruitShopController','2016-09-28 15:23:13'),(4329,NULL,'goShop','192.168.1.110','3','com.fruit.web.controller.weixin.cart.WfruitShopCartController','2016-09-28 15:23:15'),(4330,NULL,'goShop','192.168.1.110','3','com.fruit.web.controller.weixin.customer.WfruitCustomerController','2016-09-28 15:23:19'),(4331,NULL,'goHome','192.168.1.110','0','com.fruit.web.controller.weixin.home.WfruitHomeController','2016-09-28 15:23:24'),(4332,NULL,'view','127.0.0.1','26','com.fruit.web.controller.system.SystemLoginController','2016-09-29 10:03:32'),(4333,'super','login','127.0.0.1','267','com.fruit.web.controller.system.SystemLoginController','2016-09-29 10:03:34'),(4334,'super','getCode','127.0.0.1','1718','com.fruit.web.controller.system.SystemCodeController','2016-09-29 10:03:34'),(4335,'super','home','127.0.0.1','123','com.fruit.web.controller.system.SystemHomeController','2016-09-29 10:03:34'),(4336,'super','welcome','127.0.0.1','479','com.fruit.web.controller.system.SystemHomeController','2016-09-29 10:03:35'),(4337,'super','index','127.0.0.1','15','com.fruit.web.controller.system.count.SystemCountVisitController','2016-09-29 10:03:38'),(4338,'super','actDataArray','127.0.0.1','59','com.fruit.web.controller.system.count.SystemCountVisitController','2016-09-29 10:03:38'),(4339,'super','index','127.0.0.1','201','com.fruit.web.controller.system.count.SystemCountMethodController','2016-09-29 10:03:40'),(4340,'super','index','127.0.0.1','66','com.fruit.web.controller.comment.CommentController','2016-09-29 10:03:44'),(4341,'super','weixinShopCart','127.0.0.1','49','com.fruit.web.controller.shop.WeixinShopCategoryController','2016-09-29 10:03:46'),(4342,'super','weixinShopGoods','127.0.0.1','19','com.fruit.web.controller.shop.WeixinShopGoodsController','2016-09-29 10:03:47'),(4343,'super','list','127.0.0.1','31','com.fruit.web.controller.menu.MenuManagerController','2016-09-29 10:03:49'),(4344,'super','weixinAccount','127.0.0.1','20','com.fruit.web.controller.account.WeixinAccountController','2016-09-29 10:03:51'),(4345,'super','weixinShopCart','127.0.0.1','130','com.fruit.web.controller.shop.WeixinShopCartController','2016-09-29 10:03:53'),(4346,'super','customerService','127.0.0.1','57','com.fruit.web.controller.customerservice.CustomerServiceController','2016-09-29 10:03:55'),(4347,'super','icon','127.0.0.1','11','com.fruit.web.controller.system.SystemIconController','2016-09-29 10:03:57'),(4348,'super','selectUser','127.0.0.1','20','com.fruit.web.controller.system.SystemUserController','2016-09-29 10:04:07'),(4349,'super','selectRole','127.0.0.1','56','com.fruit.web.controller.system.SystemRoleController','2016-09-29 10:04:09'),(4350,'super','list','127.0.0.1','30','com.fruit.web.controller.system.SystemMenuController','2016-09-29 10:04:11'),(4351,'super','tree','127.0.0.1','38','com.fruit.web.controller.system.SystemMenuController','2016-09-29 10:04:11'),(4352,'super','permissionList','127.0.0.1','12','com.fruit.web.controller.system.SystemPermissionController','2016-09-29 10:04:13'),(4353,'super','tree','127.0.0.1','20','com.fruit.web.controller.system.SystemMenuController','2016-09-29 10:04:14'),(4354,'super','getAllJobs','127.0.0.1','124','com.fruit.web.controller.system.listener.SystemTimerController','2016-09-29 10:04:17'),(4355,'super','list','127.0.0.1','63','com.fruit.web.controller.system.listener.SystemEmailController','2016-09-29 10:04:18'),(4356,'super','index','127.0.0.1','50','com.fruit.web.controller.system.listener.SystemEmailLogController','2016-09-29 10:04:20'),(4357,'super','list','127.0.0.1','93','com.fruit.web.controller.system.listener.SystemCornController','2016-09-29 10:04:21'),(4358,'super','weixinShopCart','127.0.0.1','6','com.fruit.web.controller.shop.WeixinShopCategoryController','2016-09-29 10:04:31'),(4359,NULL,'goHome','127.0.0.1','3','com.fruit.web.controller.weixin.home.WfruitHomeController','2016-09-29 10:05:10'),(4360,NULL,'goHome','127.0.0.1','0','com.fruit.web.controller.weixin.home.WfruitHomeController','2016-09-29 10:05:25'),(4361,NULL,'view','127.0.0.1','0','com.fruit.web.controller.system.SystemLoginController','2016-09-29 10:06:36'),(4362,NULL,'getCode','127.0.0.1','7','com.fruit.web.controller.system.SystemCodeController','2016-09-29 10:06:36'),(4363,'super','login','127.0.0.1','6','com.fruit.web.controller.system.SystemLoginController','2016-09-29 10:07:37'),(4364,'super','home','127.0.0.1','8','com.fruit.web.controller.system.SystemHomeController','2016-09-29 10:07:37'),(4365,'super','welcome','127.0.0.1','129','com.fruit.web.controller.system.SystemHomeController','2016-09-29 10:07:38'),(4366,'super','index','127.0.0.1','4','com.fruit.web.controller.comment.CommentController','2016-09-29 10:07:40'),(4367,'super','weixinShopCart','127.0.0.1','11','com.fruit.web.controller.shop.WeixinShopCategoryController','2016-09-29 10:07:42'),(4368,'super','weixinShopGoods','127.0.0.1','5','com.fruit.web.controller.shop.WeixinShopGoodsController','2016-09-29 10:07:43'),(4369,'super','list','127.0.0.1','13','com.fruit.web.controller.menu.MenuManagerController','2016-09-29 10:07:46'),(4370,'super','weixinAccount','127.0.0.1','2','com.fruit.web.controller.account.WeixinAccountController','2016-09-29 10:07:47'),(4371,NULL,'view','127.0.0.1','0','com.fruit.web.controller.system.SystemLoginController','2016-09-29 11:03:48'),(4372,NULL,'getCode','127.0.0.1','6','com.fruit.web.controller.system.SystemCodeController','2016-09-29 11:03:48'),(4373,'super','login','127.0.0.1','8','com.fruit.web.controller.system.SystemLoginController','2016-09-29 11:03:50'),(4374,'super','home','127.0.0.1','8','com.fruit.web.controller.system.SystemHomeController','2016-09-29 11:03:50'),(4375,'super','welcome','127.0.0.1','198','com.fruit.web.controller.system.SystemHomeController','2016-09-29 11:03:50'),(4376,'super','getAllJobs','127.0.0.1','20','com.fruit.web.controller.system.listener.SystemTimerController','2016-09-29 11:03:53'),(4377,'super','list','127.0.0.1','2','com.fruit.web.controller.system.listener.SystemEmailController','2016-09-29 11:03:54'),(4378,'super','index','127.0.0.1','3','com.fruit.web.controller.system.listener.SystemEmailLogController','2016-09-29 11:03:55'),(4379,'super','weixinAccount','127.0.0.1','2','com.fruit.web.controller.account.WeixinAccountController','2016-09-29 11:03:56'),(4380,'super','list','127.0.0.1','11','com.fruit.web.controller.menu.MenuManagerController','2016-09-29 11:03:56'),(4381,'super','index','127.0.0.1','2','com.fruit.web.controller.comment.CommentController','2016-09-29 11:03:58'),(4382,'super','index','127.0.0.1','0','com.fruit.web.controller.system.count.SystemCountVisitController','2016-09-29 11:03:59'),(4383,'super','actDataArray','127.0.0.1','3','com.fruit.web.controller.system.count.SystemCountVisitController','2016-09-29 11:03:59'),(4384,'super','index','127.0.0.1','66','com.fruit.web.controller.system.count.SystemCountMethodController','2016-09-29 11:03:59'),(4385,'super','index','127.0.0.1','2','com.fruit.web.controller.comment.CommentController','2016-09-29 11:04:04'),(4386,'super','weixinShopCart','127.0.0.1','3','com.fruit.web.controller.shop.WeixinShopCategoryController','2016-09-29 11:04:05'),(4387,'super','weixinShopGoods','127.0.0.1','5','com.fruit.web.controller.shop.WeixinShopGoodsController','2016-09-29 11:04:06'),(4388,'super','index','127.0.0.1','0','com.fruit.web.controller.system.count.SystemCountVisitController','2016-09-29 11:04:13'),(4389,'super','actDataArray','127.0.0.1','2','com.fruit.web.controller.system.count.SystemCountVisitController','2016-09-29 11:04:14'),(4390,'super','index','127.0.0.1','56','com.fruit.web.controller.system.count.SystemCountMethodController','2016-09-29 11:04:14'),(4391,NULL,'goHome','192.168.1.138','140','com.fruit.web.controller.weixin.home.WfruitHomeController','2016-09-29 14:04:36'),(4392,NULL,'goShop','192.168.1.138','3','com.fruit.web.controller.weixin.shop.WfruitShopController','2016-09-29 14:06:32'),(4393,NULL,'goHome','192.168.1.138','19','com.fruit.web.controller.weixin.home.WfruitHomeController','2016-09-29 14:06:41'),(4394,NULL,'goShop','192.168.1.138','0','com.fruit.web.controller.weixin.shop.WfruitShopController','2016-09-29 14:06:49'),(4395,NULL,'goHome','192.168.1.138','28','com.fruit.web.controller.weixin.home.WfruitHomeController','2016-09-29 14:06:58'),(4396,NULL,'goHome','192.168.1.138','22','com.fruit.web.controller.weixin.home.WfruitHomeController','2016-09-29 14:09:28'),(4397,NULL,'goShop','192.168.1.138','0','com.fruit.web.controller.weixin.shop.WfruitShopController','2016-09-29 14:09:58'),(4398,NULL,'goShop','192.168.1.138','3','com.fruit.web.controller.weixin.cart.WfruitShopCartController','2016-09-29 14:09:59'),(4399,NULL,'goShop','192.168.1.138','4','com.fruit.web.controller.weixin.customer.WfruitCustomerController','2016-09-29 14:10:00'),(4400,NULL,'goHome','192.168.1.138','20','com.fruit.web.controller.weixin.home.WfruitHomeController','2016-09-29 14:10:04'),(4401,NULL,'goShop','192.168.1.138','0','com.fruit.web.controller.weixin.customer.WfruitCustomerController','2016-09-29 14:10:32'),(4402,NULL,'goShop','192.168.1.138','0','com.fruit.web.controller.weixin.customer.WfruitCustomerController','2016-09-29 14:10:42'),(4403,NULL,'goShop','192.168.1.138','0','com.fruit.web.controller.weixin.customer.WfruitCustomerController','2016-09-29 14:10:44'),(4404,NULL,'view','127.0.0.1','26','com.fruit.web.controller.system.SystemLoginController','2016-09-29 14:42:06'),(4405,'super','login','127.0.0.1','192','com.fruit.web.controller.system.SystemLoginController','2016-09-29 14:42:08'),(4406,'super','home','127.0.0.1','80','com.fruit.web.controller.system.SystemHomeController','2016-09-29 14:42:08'),(4407,'super','welcome','127.0.0.1','410','com.fruit.web.controller.system.SystemHomeController','2016-09-29 14:42:09'),(4408,'super','home','127.0.0.1','11','com.fruit.web.controller.system.SystemHomeController','2016-09-29 14:42:55'),(4409,'super','welcome','127.0.0.1','254','com.fruit.web.controller.system.SystemHomeController','2016-09-29 14:42:56'),(4410,'super','home','127.0.0.1','6','com.fruit.web.controller.system.SystemHomeController','2016-09-29 14:43:17'),(4411,'super','welcome','127.0.0.1','60841','com.fruit.web.controller.system.SystemHomeController','2016-09-29 14:44:18'),(4412,NULL,'view','127.0.0.1','10','com.fruit.web.controller.system.SystemLoginController','2016-09-29 14:45:50'),(4413,NULL,'getCode','127.0.0.1','272','com.fruit.web.controller.system.SystemCodeController','2016-09-29 14:45:51'),(4414,'super','login','127.0.0.1','132','com.fruit.web.controller.system.SystemLoginController','2016-09-29 14:45:53'),(4415,'super','home','127.0.0.1','20','com.fruit.web.controller.system.SystemHomeController','2016-09-29 14:45:53'),(4416,'super','welcome','127.0.0.1','370','com.fruit.web.controller.system.SystemHomeController','2016-09-29 14:45:54'),(4417,'super','home','127.0.0.1','14','com.fruit.web.controller.system.SystemHomeController','2016-09-29 14:45:58'),(4418,'super','welcome','127.0.0.1','266','com.fruit.web.controller.system.SystemHomeController','2016-09-29 14:45:59'),(4419,'super','home','127.0.0.1','10','com.fruit.web.controller.system.SystemHomeController','2016-09-29 14:46:00'),(4420,'super','welcome','127.0.0.1','110','com.fruit.web.controller.system.SystemHomeController','2016-09-29 14:46:00'),(4421,'super','home','127.0.0.1','7','com.fruit.web.controller.system.SystemHomeController','2016-09-29 14:47:32'),(4422,'super','welcome','127.0.0.1','87','com.fruit.web.controller.system.SystemHomeController','2016-09-29 14:47:32'),(4423,'super','home','127.0.0.1','8','com.fruit.web.controller.system.SystemHomeController','2016-09-29 14:47:33'),(4424,'super','welcome','127.0.0.1','122','com.fruit.web.controller.system.SystemHomeController','2016-09-29 14:47:33'),(4425,'super','index','127.0.0.1','15','com.fruit.web.controller.system.count.SystemCountVisitController','2016-09-29 14:47:34'),(4426,'super','actDataArray','127.0.0.1','6','com.fruit.web.controller.system.count.SystemCountVisitController','2016-09-29 14:47:35'),(4427,'super','index','127.0.0.1','92','com.fruit.web.controller.system.count.SystemCountMethodController','2016-09-29 14:47:36'),(4428,'super','index','127.0.0.1','21','com.fruit.web.controller.comment.CommentController','2016-09-29 14:47:40'),(4429,NULL,'goHome','192.168.1.138','96','com.fruit.web.controller.weixin.home.WfruitHomeController','2016-09-29 15:05:10'),(4430,NULL,'goShop','192.168.1.138','5','com.fruit.web.controller.weixin.login.WfruitLoginController','2016-09-29 15:05:16'),(4431,NULL,'goShop','192.168.1.138','0','com.fruit.web.controller.weixin.login.WfruitLoginController','2016-09-29 15:05:21'),(4432,NULL,'goShop','192.168.1.138','9','com.fruit.web.controller.weixin.register.WfruitRegisterController','2016-09-29 15:05:29'),(4433,NULL,'goHome','192.168.1.138','18','com.fruit.web.controller.weixin.home.WfruitHomeController','2016-09-29 15:05:48'),(4434,NULL,'goShop','192.168.1.138','5','com.fruit.web.controller.weixin.customer.WfruitCustomerController','2016-09-29 15:05:55'),(4435,NULL,'goShop','192.168.1.138','4','com.fruit.web.controller.weixin.cart.WfruitShopCartController','2016-09-29 15:05:57'),(4436,NULL,'goShop','192.168.1.138','8','com.fruit.web.controller.weixin.shop.WfruitShopController','2016-09-29 15:05:59'),(4437,NULL,'goHome','192.168.1.138','13','com.fruit.web.controller.weixin.home.WfruitHomeController','2016-09-29 15:06:00'),(4438,NULL,'view','127.0.0.1','27','com.fruit.web.controller.system.SystemLoginController','2016-09-29 15:09:15'),(4439,NULL,'getCode','127.0.0.1','351','com.fruit.web.controller.system.SystemCodeController','2016-09-29 15:09:16'),(4440,'super','login','127.0.0.1','101','com.fruit.web.controller.system.SystemLoginController','2016-09-29 15:09:17'),(4441,'super','home','127.0.0.1','45','com.fruit.web.controller.system.SystemHomeController','2016-09-29 15:09:17'),(4442,'super','welcome','127.0.0.1','423','com.fruit.web.controller.system.SystemHomeController','2016-09-29 15:09:17'),(4443,'super','index','127.0.0.1','17','com.fruit.web.controller.system.count.SystemCountVisitController','2016-09-29 15:09:38'),(4444,'super','actDataArray','127.0.0.1','5','com.fruit.web.controller.system.count.SystemCountVisitController','2016-09-29 15:09:38'),(4445,'super','index','127.0.0.1','135','com.fruit.web.controller.system.count.SystemCountMethodController','2016-09-29 15:09:40'),(4446,'super','index','127.0.0.1','40','com.fruit.web.controller.comment.CommentController','2016-09-29 15:09:43'),(4447,'super','weixinShopCart','127.0.0.1','46','com.fruit.web.controller.shop.WeixinShopCategoryController','2016-09-29 15:09:45'),(4448,'super','weixinShopGoods','127.0.0.1','18','com.fruit.web.controller.shop.WeixinShopGoodsController','2016-09-29 15:09:47'),(4449,'super','list','127.0.0.1','62','com.fruit.web.controller.menu.MenuManagerController','2016-09-29 15:09:48'),(4450,'super','toAddMenu','127.0.0.1','16','com.fruit.web.controller.menu.MenuManagerController','2016-09-29 15:09:51'),(4451,NULL,'view','127.0.0.1','40','com.fruit.web.controller.system.SystemLoginController','2016-09-29 16:01:58'),(4452,NULL,'getCode','127.0.0.1','571','com.fruit.web.controller.system.SystemCodeController','2016-09-29 16:01:59'),(4453,'super','login','127.0.0.1','188','com.fruit.web.controller.system.SystemLoginController','2016-09-29 16:02:00'),(4454,'super','home','127.0.0.1','125','com.fruit.web.controller.system.SystemHomeController','2016-09-29 16:02:00'),(4455,'super','welcome','127.0.0.1','609','com.fruit.web.controller.system.SystemHomeController','2016-09-29 16:02:01'),(4456,'super','index','127.0.0.1','41','com.fruit.web.controller.comment.CommentController','2016-09-29 16:02:02'),(4457,'super','index','127.0.0.1','30','com.fruit.web.controller.system.count.SystemCountVisitController','2016-09-29 16:02:04'),(4458,'super','actDataArray','127.0.0.1','13','com.fruit.web.controller.system.count.SystemCountVisitController','2016-09-29 16:02:04'),(4459,'super','index','127.0.0.1','401','com.fruit.web.controller.system.count.SystemCountMethodController','2016-09-29 16:02:06'),(4460,NULL,'view','127.0.0.1','28','com.fruit.web.controller.system.SystemLoginController','2016-09-29 16:59:24'),(4461,NULL,'getCode','127.0.0.1','451','com.fruit.web.controller.system.SystemCodeController','2016-09-29 16:59:25'),(4462,'super','login','127.0.0.1','103','com.fruit.web.controller.system.SystemLoginController','2016-09-29 16:59:26'),(4463,'super','home','127.0.0.1','86','com.fruit.web.controller.system.SystemHomeController','2016-09-29 16:59:26'),(4464,'super','welcome','127.0.0.1','381','com.fruit.web.controller.system.SystemHomeController','2016-09-29 16:59:27'),(4465,'super','list','127.0.0.1','88','com.fruit.web.controller.menu.MenuManagerController','2016-09-29 16:59:35'),(4466,NULL,'view','127.0.0.1','24','com.fruit.web.controller.system.SystemLoginController','2016-09-30 09:36:18'),(4467,NULL,'getCode','127.0.0.1','2157','com.fruit.web.controller.system.SystemCodeController','2016-09-30 09:36:21'),(4468,NULL,'view','127.0.0.1','0','com.fruit.web.controller.system.SystemLoginController','2016-09-30 09:36:34'),(4469,NULL,'getCode','127.0.0.1','11','com.fruit.web.controller.system.SystemCodeController','2016-09-30 09:36:34'),(4470,'super','login','127.0.0.1','133','com.fruit.web.controller.system.SystemLoginController','2016-09-30 09:36:35'),(4471,'super','home','127.0.0.1','59','com.fruit.web.controller.system.SystemHomeController','2016-09-30 09:36:36'),(4472,'super','welcome','127.0.0.1','319','com.fruit.web.controller.system.SystemHomeController','2016-09-30 09:36:36'),(4473,'super','index','127.0.0.1','14','com.fruit.web.controller.comment.CommentController','2016-09-30 09:36:39'),(4474,'super','index','127.0.0.1','8','com.fruit.web.controller.system.count.SystemCountVisitController','2016-09-30 09:36:42'),(4475,'super','actDataArray','127.0.0.1','9','com.fruit.web.controller.system.count.SystemCountVisitController','2016-09-30 09:36:43'),(4476,'super','index','127.0.0.1','143','com.fruit.web.controller.system.count.SystemCountMethodController','2016-09-30 09:36:44'),(4477,'super','list','127.0.0.1','25','com.fruit.web.controller.menu.MenuManagerController','2016-09-30 09:36:47'),(4478,'super','weixinAccount','127.0.0.1','106','com.fruit.web.controller.account.WeixinAccountController','2016-09-30 09:36:49'),(4479,'super','list','127.0.0.1','16','com.fruit.web.controller.menu.MenuManagerController','2016-09-30 09:36:51'),(4480,'super','list','127.0.0.1','8','com.fruit.web.controller.menu.MenuManagerController','2016-09-30 09:37:00'),(4481,'super','home','127.0.0.1','21','com.fruit.web.controller.system.SystemHomeController','2016-09-30 09:37:02'),(4482,'super','welcome','127.0.0.1','191','com.fruit.web.controller.system.SystemHomeController','2016-09-30 09:37:02'),(4483,'super','list','127.0.0.1','14','com.fruit.web.controller.menu.MenuManagerController','2016-09-30 09:37:05'),(4484,'super','home','127.0.0.1','8','com.fruit.web.controller.system.SystemHomeController','2016-09-30 09:37:23'),(4485,'super','welcome','127.0.0.1','87','com.fruit.web.controller.system.SystemHomeController','2016-09-30 09:37:24'),(4486,'super','list','127.0.0.1','8','com.fruit.web.controller.menu.MenuManagerController','2016-09-30 09:37:25'),(4487,'super','weixinAccount','127.0.0.1','1','com.fruit.web.controller.account.WeixinAccountController','2016-09-30 09:37:33'),(4488,'super','list','127.0.0.1','11','com.fruit.web.controller.menu.MenuManagerController','2016-09-30 09:37:35'),(4489,'super','weixinShopCart','127.0.0.1','128','com.fruit.web.controller.shop.WeixinShopCartController','2016-09-30 09:37:36'),(4490,'super','customerService','127.0.0.1','265','com.fruit.web.controller.customerservice.CustomerServiceController','2016-09-30 09:37:39'),(4491,'super','icon','127.0.0.1','124','com.fruit.web.controller.system.SystemIconController','2016-09-30 09:37:41'),(4492,NULL,'wechatGet','127.0.0.1','7097','com.fruit.web.controller.weixin.WechatController','2016-09-30 09:48:34'),(4493,NULL,'wechatGet','127.0.0.1','4','com.fruit.web.controller.weixin.WechatController','2016-09-30 09:48:44'),(4494,NULL,'view','127.0.0.1','10','com.fruit.web.controller.system.SystemLoginController','2016-09-30 09:51:30'),(4495,NULL,'getCode','127.0.0.1','262','com.fruit.web.controller.system.SystemCodeController','2016-09-30 09:51:30'),(4496,NULL,'goHome','127.0.0.1','26395','com.fruit.web.controller.weixin.home.WfruitHomeController','2016-09-30 11:05:35'),(4497,NULL,'goHome','127.0.0.1','721','com.fruit.web.controller.weixin.home.WfruitHomeController','2016-09-30 11:06:32'),(4498,NULL,'goShop','127.0.0.1','3','com.fruit.web.controller.weixin.shop.WfruitShopController','2016-09-30 11:07:26'),(4499,NULL,'goShop','127.0.0.1','6','com.fruit.web.controller.weixin.cart.WfruitShopCartController','2016-09-30 11:07:31'),(4500,NULL,'goShop','127.0.0.1','7','com.fruit.web.controller.weixin.customer.WfruitCustomerController','2016-09-30 11:07:33'),(4501,NULL,'goHome','127.0.0.1','517','com.fruit.web.controller.weixin.home.WfruitHomeController','2016-09-30 11:07:38'),(4502,NULL,'goHome','127.0.0.1','385','com.fruit.web.controller.weixin.home.WfruitHomeController','2016-09-30 11:07:49'),(4503,NULL,'goHome','127.0.0.1','323','com.fruit.web.controller.weixin.home.WfruitHomeController','2016-09-30 11:07:52'),(4504,NULL,'goHome','127.0.0.1','515','com.fruit.web.controller.weixin.home.WfruitHomeController','2016-09-30 11:08:50'),(4505,NULL,'goHome','127.0.0.1','693','com.fruit.web.controller.weixin.home.WfruitHomeController','2016-09-30 11:09:15'),(4506,NULL,'goHome','127.0.0.1','1436','com.fruit.web.controller.weixin.home.WfruitHomeController','2016-09-30 11:15:32'),(4507,NULL,'goHome','127.0.0.1','572','com.fruit.web.controller.weixin.home.WfruitHomeController','2016-09-30 11:29:48'),(4508,NULL,'goHome','127.0.0.1','609','com.fruit.web.controller.weixin.home.WfruitHomeController','2016-09-30 11:30:21'),(4509,NULL,'goShop','127.0.0.1','3','com.fruit.web.controller.weixin.shop.WfruitShopController','2016-09-30 11:30:30'),(4510,NULL,'goShop','127.0.0.1','5','com.fruit.web.controller.weixin.cart.WfruitShopCartController','2016-09-30 11:30:33'),(4511,NULL,'goShop','127.0.0.1','4','com.fruit.web.controller.weixin.customer.WfruitCustomerController','2016-09-30 11:30:36'),(4512,NULL,'goHome','127.0.0.1','469','com.fruit.web.controller.weixin.home.WfruitHomeController','2016-09-30 11:30:38'),(4513,NULL,'goHome','127.0.0.1','793','com.fruit.web.controller.weixin.home.WfruitHomeController','2016-09-30 11:30:44'),(4514,NULL,'goHome','127.0.0.1','463','com.fruit.web.controller.weixin.home.WfruitHomeController','2016-09-30 11:30:55'),(4515,NULL,'goHome','127.0.0.1','1500','com.fruit.web.controller.weixin.home.WfruitHomeController','2016-09-30 11:37:30'),(4516,NULL,'goHome','220.168.12.123','641','com.fruit.web.controller.weixin.home.WfruitHomeController','2016-09-30 11:39:29'),(4517,NULL,'goHome','127.0.0.1','710','com.fruit.web.controller.weixin.home.WfruitHomeController','2016-09-30 11:40:41'),(4518,NULL,'goShop','127.0.0.1','12','com.fruit.web.controller.weixin.shop.WfruitShopController','2016-09-30 11:41:03'),(4519,NULL,'goShop','127.0.0.1','4','com.fruit.web.controller.weixin.cart.WfruitShopCartController','2016-09-30 11:41:06'),(4520,NULL,'goShop','127.0.0.1','4','com.fruit.web.controller.weixin.customer.WfruitCustomerController','2016-09-30 11:41:12'),(4521,NULL,'goHome','127.0.0.1','515','com.fruit.web.controller.weixin.home.WfruitHomeController','2016-09-30 11:41:16'),(4522,NULL,'goHome','127.0.0.1','489','com.fruit.web.controller.weixin.home.WfruitHomeController','2016-09-30 11:47:46'),(4523,NULL,'goHome','127.0.0.1','746','com.fruit.web.controller.weixin.home.WfruitHomeController','2016-09-30 11:55:53'),(4524,NULL,'goHome','127.0.0.1','1621','com.fruit.web.controller.weixin.home.WfruitHomeController','2016-09-30 12:11:21'),(4525,NULL,'goHome','127.0.0.1','522','com.fruit.web.controller.weixin.home.WfruitHomeController','2016-09-30 12:12:12'),(4526,NULL,'goHome','127.0.0.1','854','com.fruit.web.controller.weixin.home.WfruitHomeController','2016-09-30 12:13:29'),(4527,NULL,'goHome','127.0.0.1','580','com.fruit.web.controller.weixin.home.WfruitHomeController','2016-09-30 12:13:47'),(4528,NULL,'goHome','127.0.0.1','516','com.fruit.web.controller.weixin.home.WfruitHomeController','2016-09-30 12:13:55'),(4529,NULL,'goHome','127.0.0.1','1360','com.fruit.web.controller.weixin.home.WfruitHomeController','2016-09-30 12:17:08'),(4530,NULL,'goHome','127.0.0.1','783','com.fruit.web.controller.weixin.home.WfruitHomeController','2016-09-30 12:17:42'),(4531,NULL,'goHome','127.0.0.1','667','com.fruit.web.controller.weixin.home.WfruitHomeController','2016-09-30 12:18:12'),(4532,NULL,'goShop','127.0.0.1','7','com.fruit.web.controller.weixin.shop.WfruitShopController','2016-09-30 12:18:15'),(4533,NULL,'goHome','127.0.0.1','611','com.fruit.web.controller.weixin.home.WfruitHomeController','2016-09-30 12:18:18'),(4534,NULL,'goHome','127.0.0.1','1068','com.fruit.web.controller.weixin.home.WfruitHomeController','2016-09-30 12:19:44'),(4535,NULL,'goShop','127.0.0.1','0','com.fruit.web.controller.weixin.shop.WfruitShopController','2016-09-30 12:19:49'),(4536,NULL,'goHome','127.0.0.1','550','com.fruit.web.controller.weixin.home.WfruitHomeController','2016-09-30 12:19:52'),(4537,NULL,'goShop','127.0.0.1','0','com.fruit.web.controller.weixin.shop.WfruitShopController','2016-09-30 12:19:58'),(4538,NULL,'goHome','127.0.0.1','682','com.fruit.web.controller.weixin.home.WfruitHomeController','2016-09-30 12:20:01'),(4539,NULL,'goHome','127.0.0.1','1353','com.fruit.web.controller.weixin.home.WfruitHomeController','2016-09-30 12:22:41'),(4540,NULL,'goHome','127.0.0.1','571','com.fruit.web.controller.weixin.home.WfruitHomeController','2016-09-30 12:30:12'),(4541,NULL,'goHome','127.0.0.1','907','com.fruit.web.controller.weixin.home.WfruitHomeController','2016-09-30 12:30:35'),(4542,NULL,'goHome','127.0.0.1','1395','com.fruit.web.controller.weixin.home.WfruitHomeController','2016-09-30 12:38:18'),(4543,NULL,'goHome','127.0.0.1','502','com.fruit.web.controller.weixin.home.WfruitHomeController','2016-09-30 12:42:15'),(4544,NULL,'goHome','127.0.0.1','1248','com.fruit.web.controller.weixin.home.WfruitHomeController','2016-09-30 12:42:50'),(4545,NULL,'goHome','127.0.0.1','525','com.fruit.web.controller.weixin.home.WfruitHomeController','2016-09-30 12:43:11'),(4546,NULL,'goHome','127.0.0.1','555','com.fruit.web.controller.weixin.home.WfruitHomeController','2016-09-30 12:43:34'),(4547,NULL,'goHome','127.0.0.1','1803','com.fruit.web.controller.weixin.home.WfruitHomeController','2016-09-30 12:45:31'),(4548,NULL,'goHome','127.0.0.1','628','com.fruit.web.controller.weixin.home.WfruitHomeController','2016-09-30 12:47:35'),(4549,NULL,'goHome','127.0.0.1','439','com.fruit.web.controller.weixin.home.WfruitHomeController','2016-09-30 12:48:17'),(4550,NULL,'goHome','127.0.0.1','1408','com.fruit.web.controller.weixin.home.WfruitHomeController','2016-09-30 12:54:19'),(4551,NULL,'goHome','211.157.145.226','857','com.fruit.web.controller.weixin.home.WfruitHomeController','2016-09-30 12:56:08'),(4552,NULL,'goShop','211.157.145.226','9','com.fruit.web.controller.weixin.shop.WfruitShopController','2016-09-30 12:58:04'),(4553,NULL,'goShop','211.157.145.226','11','com.fruit.web.controller.weixin.customer.WfruitCustomerController','2016-09-30 12:58:07'),(4554,NULL,'goShop','211.157.145.226','9','com.fruit.web.controller.weixin.cart.WfruitShopCartController','2016-09-30 12:58:16'),(4555,NULL,'goShop','211.157.145.226','0','com.fruit.web.controller.weixin.cart.WfruitShopCartController','2016-09-30 12:58:17'),(4556,NULL,'goHome','127.0.0.1','1518','com.fruit.web.controller.weixin.home.WfruitHomeController','2016-09-30 13:01:37'),(4557,NULL,'goHome','127.0.0.1','522','com.fruit.web.controller.weixin.home.WfruitHomeController','2016-09-30 13:02:02'),(4558,NULL,'goHome','127.0.0.1','300','com.fruit.web.controller.weixin.home.WfruitHomeController','2016-09-30 13:02:06'),(4559,NULL,'goHome','127.0.0.1','1654','com.fruit.web.controller.weixin.home.WfruitHomeController','2016-09-30 13:03:06'),(4560,NULL,'goShop','127.0.0.1','5','com.fruit.web.controller.weixin.shop.WfruitShopController','2016-09-30 13:03:40'),(4561,NULL,'goHome','127.0.0.1','635','com.fruit.web.controller.weixin.home.WfruitHomeController','2016-09-30 13:03:43'),(4562,NULL,'goHome','127.0.0.1','346','com.fruit.web.controller.weixin.home.WfruitHomeController','2016-09-30 13:03:47');

/*Table structure for table `system_login_log` */

DROP TABLE IF EXISTS `system_login_log`;

CREATE TABLE `system_login_log` (
  `ID` int(11) NOT NULL AUTO_INCREMENT,
  `CREATER` varchar(20) COLLATE utf8_bin DEFAULT NULL,
  `CREATE_DATE` datetime DEFAULT NULL,
  `TYPE` int(11) DEFAULT NULL,
  `OS` varchar(20) COLLATE utf8_bin DEFAULT NULL,
  `BROWSER` varchar(20) COLLATE utf8_bin DEFAULT NULL,
  `IP` varchar(20) COLLATE utf8_bin DEFAULT NULL,
  `MAC` varchar(20) COLLATE utf8_bin DEFAULT NULL,
  `EXECUTE_TIME` int(11) DEFAULT NULL,
  `DESCRIPTION` varchar(500) COLLATE utf8_bin DEFAULT NULL,
  `REQUEST_PARAM` varchar(500) COLLATE utf8_bin DEFAULT NULL,
  PRIMARY KEY (`ID`)
) ENGINE=InnoDB AUTO_INCREMENT=6365 DEFAULT CHARSET=utf8 COLLATE=utf8_bin;

/*Data for the table `system_login_log` */

insert  into `system_login_log`(`ID`,`CREATER`,`CREATE_DATE`,`TYPE`,`OS`,`BROWSER`,`IP`,`MAC`,`EXECUTE_TIME`,`DESCRIPTION`,`REQUEST_PARAM`) values (4836,NULL,'2016-07-15 10:38:45',NULL,'Windows 10','Chrome','61.135.194.168',NULL,NULL,NULL,NULL),(4837,NULL,'2016-07-15 10:39:20',NULL,'Windows 10','Chrome','61.135.194.168',NULL,NULL,NULL,NULL),(4838,NULL,'2016-07-15 10:42:44',NULL,'Windows 10','Chrome','61.135.194.168',NULL,NULL,NULL,NULL),(4839,NULL,'2016-07-15 10:43:35',NULL,'Windows 10','Chrome 38','14.124.111.37',NULL,NULL,NULL,NULL),(4840,NULL,'2016-07-15 10:44:00',NULL,'iOS 9 (iPhone)','Apple WebKit','114.242.249.146',NULL,NULL,NULL,NULL),(4841,NULL,'2016-07-15 10:46:09',NULL,'Windows 7','Chrome 35','210.21.223.178',NULL,NULL,NULL,NULL),(4842,NULL,'2016-07-15 10:46:41',NULL,'Windows 10','Chrome','61.135.194.168',NULL,NULL,NULL,NULL),(4843,NULL,'2016-07-15 10:49:33',NULL,'Windows 10','Chrome','61.135.194.168',NULL,NULL,NULL,NULL),(4844,NULL,'2016-07-15 10:50:19',NULL,'Windows 7','Chrome 35','210.21.223.178',NULL,NULL,NULL,NULL),(4845,NULL,'2016-07-15 10:51:53',NULL,'Windows 10','Chrome 38','14.124.111.37',NULL,NULL,NULL,NULL),(4846,NULL,'2016-07-15 10:52:52',NULL,'Windows 7','Firefox','116.213.171.110',NULL,NULL,NULL,NULL),(4847,NULL,'2016-07-15 10:54:52',NULL,'Windows 10','Chrome','61.135.194.168',NULL,NULL,NULL,NULL),(4848,NULL,'2016-07-15 10:57:50',NULL,'Windows 10','Chrome','61.135.194.168',NULL,NULL,NULL,NULL),(4849,NULL,'2016-07-15 10:58:37',NULL,'Windows 10','Chrome','61.135.194.168',NULL,NULL,NULL,NULL),(4850,NULL,'2016-07-15 10:58:37',NULL,'Windows 10','Chrome 38','14.124.111.37',NULL,NULL,NULL,NULL),(4851,NULL,'2016-07-15 11:00:01',NULL,'Windows 10','Chrome 38','14.124.111.37',NULL,NULL,NULL,NULL),(4852,NULL,'2016-07-15 11:00:10',NULL,'Windows 10','Chrome 38','14.124.111.37',NULL,NULL,NULL,NULL),(4853,NULL,'2016-07-15 11:00:30',NULL,'Windows 7','Chrome 48','114.247.25.62',NULL,NULL,NULL,NULL),(4854,NULL,'2016-07-15 11:00:36',NULL,'Windows 8.1','Chrome 45','180.169.33.113',NULL,NULL,NULL,NULL),(4855,NULL,'2016-07-15 11:13:36',NULL,'Windows 10','Chrome','61.135.194.168',NULL,NULL,NULL,NULL),(4856,NULL,'2016-07-15 11:15:47',NULL,'Windows 10','Chrome','61.135.194.168',NULL,NULL,NULL,NULL),(4857,NULL,'2016-07-15 11:15:57',NULL,'Windows 10','Chrome','61.135.194.168',NULL,NULL,NULL,NULL),(4858,NULL,'2016-07-15 13:04:43',NULL,'Windows 10','Chrome','61.135.194.168',NULL,NULL,NULL,NULL),(4859,NULL,'2016-07-15 13:04:44',NULL,'Windows 10','Chrome','61.135.194.168',NULL,NULL,NULL,NULL),(4860,NULL,'2016-07-15 13:04:45',NULL,'Windows 10','Chrome','61.135.194.168',NULL,NULL,NULL,NULL),(4861,NULL,'2016-07-15 13:04:48',NULL,'Windows 10','Chrome','61.135.194.168',NULL,NULL,NULL,NULL),(4862,NULL,'2016-07-15 13:04:48',NULL,'Windows 10','Chrome','61.135.194.168',NULL,NULL,NULL,NULL),(4863,NULL,'2016-07-15 13:04:55',NULL,'Windows 10','Chrome','61.135.194.168',NULL,NULL,NULL,NULL),(4864,NULL,'2016-07-15 13:05:23',NULL,'Windows 10','Chrome','61.135.194.168',NULL,NULL,NULL,NULL),(4865,NULL,'2016-07-15 13:06:14',NULL,'Windows 7','Chrome 45','222.161.54.74',NULL,NULL,NULL,NULL),(4866,NULL,'2016-07-15 13:10:14',NULL,'Windows 8.1','Chrome 45','111.192.245.45',NULL,NULL,NULL,NULL),(4867,NULL,'2016-07-15 13:11:25',NULL,'Windows 10','Chrome','61.135.194.168',NULL,NULL,NULL,NULL),(4868,NULL,'2016-07-15 13:11:26',NULL,'Windows 10','Chrome','61.135.194.168',NULL,NULL,NULL,NULL),(4869,NULL,'2016-07-15 13:11:27',NULL,'Windows 10','Chrome','61.135.194.168',NULL,NULL,NULL,NULL),(4870,NULL,'2016-07-15 13:13:16',NULL,'Windows 10','Chrome 38','14.124.111.37',NULL,NULL,NULL,NULL),(4871,NULL,'2016-07-15 13:13:41',NULL,'Windows 10','Chrome','61.135.194.168',NULL,NULL,NULL,NULL),(4872,NULL,'2016-07-15 13:13:41',NULL,'Windows 10','Chrome','61.135.194.168',NULL,NULL,NULL,NULL),(4873,NULL,'2016-07-15 13:17:34',NULL,'Windows 10','Chrome','61.135.194.168',NULL,NULL,NULL,NULL),(4874,NULL,'2016-07-15 13:17:36',NULL,'Windows 10','Chrome','61.135.194.168',NULL,NULL,NULL,NULL),(4875,NULL,'2016-07-15 13:17:36',NULL,'Windows 10','Chrome','61.135.194.168',NULL,NULL,NULL,NULL),(4876,NULL,'2016-07-15 13:17:36',NULL,'Windows 10','Chrome','61.135.194.168',NULL,NULL,NULL,NULL),(4877,NULL,'2016-07-15 13:17:37',NULL,'Windows 10','Chrome','61.135.194.168',NULL,NULL,NULL,NULL),(4878,NULL,'2016-07-15 13:17:37',NULL,'Windows 10','Chrome','61.135.194.168',NULL,NULL,NULL,NULL),(4879,NULL,'2016-07-15 13:17:37',NULL,'Windows 10','Chrome','61.135.194.168',NULL,NULL,NULL,NULL),(4880,NULL,'2016-07-15 13:17:38',NULL,'Windows 10','Chrome','61.135.194.168',NULL,NULL,NULL,NULL),(4881,NULL,'2016-07-15 13:17:38',NULL,'Windows 10','Chrome','61.135.194.168',NULL,NULL,NULL,NULL),(4882,NULL,'2016-07-15 13:17:39',NULL,'Windows 10','Chrome','61.135.194.168',NULL,NULL,NULL,NULL),(4883,NULL,'2016-07-15 13:17:41',NULL,'Windows 10','Chrome','61.135.194.168',NULL,NULL,NULL,NULL),(4884,NULL,'2016-07-15 13:17:41',NULL,'Windows 10','Chrome','61.135.194.168',NULL,NULL,NULL,NULL),(4885,NULL,'2016-07-15 13:17:41',NULL,'Windows 10','Chrome','61.135.194.168',NULL,NULL,NULL,NULL),(4886,NULL,'2016-07-15 13:17:42',NULL,'Windows 10','Chrome','61.135.194.168',NULL,NULL,NULL,NULL),(4887,NULL,'2016-07-15 13:17:42',NULL,'Windows 10','Chrome','61.135.194.168',NULL,NULL,NULL,NULL),(4888,NULL,'2016-07-15 13:17:43',NULL,'Windows 10','Chrome','61.135.194.168',NULL,NULL,NULL,NULL),(4889,NULL,'2016-07-15 13:17:44',NULL,'Windows 10','Chrome','61.135.194.168',NULL,NULL,NULL,NULL),(4890,NULL,'2016-07-15 13:17:44',NULL,'Windows 10','Chrome','61.135.194.168',NULL,NULL,NULL,NULL),(4891,NULL,'2016-07-15 13:17:45',NULL,'Windows 10','Chrome','61.135.194.168',NULL,NULL,NULL,NULL),(4892,NULL,'2016-07-15 13:17:45',NULL,'Windows 10','Chrome','61.135.194.168',NULL,NULL,NULL,NULL),(4893,NULL,'2016-07-15 13:17:50',NULL,'Windows 10','Chrome','61.135.194.168',NULL,NULL,NULL,NULL),(4894,NULL,'2016-07-15 13:18:01',NULL,'Windows 10','Chrome','61.135.194.168',NULL,NULL,NULL,NULL),(4895,NULL,'2016-07-15 13:18:27',NULL,'Windows 10','Chrome','61.135.194.168',NULL,NULL,NULL,NULL),(4896,NULL,'2016-07-15 13:18:54',NULL,'Windows 10','Chrome','61.135.194.168',NULL,NULL,NULL,NULL),(4897,NULL,'2016-07-15 13:19:43',NULL,'Windows 10','Chrome','61.135.194.168',NULL,NULL,NULL,NULL),(4898,NULL,'2016-07-15 13:20:36',NULL,'Windows 10','Chrome','61.135.194.168',NULL,NULL,NULL,NULL),(4899,NULL,'2016-07-15 13:20:57',NULL,'Windows 10','Chrome','61.135.194.168',NULL,NULL,NULL,NULL),(4900,NULL,'2016-07-15 13:22:07',NULL,'Windows 10','Chrome','222.35.39.206',NULL,NULL,NULL,NULL),(4901,NULL,'2016-07-15 13:22:21',NULL,'Windows 10','Chrome','61.135.194.168',NULL,NULL,NULL,NULL),(4902,NULL,'2016-07-15 13:22:48',NULL,'iOS 9 (iPhone)','Apple WebKit','101.81.123.78',NULL,NULL,NULL,NULL),(4903,NULL,'2016-07-15 13:23:50',NULL,'Windows 7','Internet Explorer 9','116.236.210.154',NULL,NULL,NULL,NULL),(4904,NULL,'2016-07-15 13:27:56',NULL,'iOS 9 (iPhone)','Apple WebKit','103.38.232.99',NULL,NULL,NULL,NULL),(4905,NULL,'2016-07-15 13:32:08',NULL,'Windows 8.1','Chrome 45','180.169.33.113',NULL,NULL,NULL,NULL),(4906,NULL,'2016-07-15 13:36:12',NULL,'Windows 10','Chrome','61.135.194.168',NULL,NULL,NULL,NULL),(4907,NULL,'2016-07-15 13:37:13',NULL,'Windows 10','Chrome','61.135.194.168',NULL,NULL,NULL,NULL),(4908,NULL,'2016-07-15 13:37:46',NULL,'Windows 10','Chrome','61.135.194.168',NULL,NULL,NULL,NULL),(4909,NULL,'2016-07-15 13:37:57',NULL,'Windows 10','Chrome','61.135.194.168',NULL,NULL,NULL,NULL),(4910,NULL,'2016-07-15 13:40:10',NULL,'Windows 7','Chrome 45','101.95.128.138',NULL,NULL,NULL,NULL),(4911,NULL,'2016-07-15 14:09:14',NULL,'Windows 7','Chrome 45','36.110.25.198',NULL,NULL,NULL,NULL),(4912,NULL,'2016-07-15 14:13:48',NULL,'Windows 7','Chrome 47','222.66.154.84',NULL,NULL,NULL,NULL),(4913,NULL,'2016-07-15 15:45:26',NULL,'Windows 10','Chrome','61.135.194.168',NULL,NULL,NULL,NULL),(4914,NULL,'2016-07-15 15:45:32',NULL,'Windows 10','Chrome','61.135.194.168',NULL,NULL,NULL,NULL),(4915,NULL,'2016-07-15 15:45:33',NULL,'Windows 10','Chrome','61.135.194.168',NULL,NULL,NULL,NULL),(4916,NULL,'2016-07-15 15:45:33',NULL,'Windows 10','Chrome','61.135.194.168',NULL,NULL,NULL,NULL),(4917,NULL,'2016-07-15 15:46:32',NULL,'Windows 10','Internet Explorer 8','202.106.132.61',NULL,NULL,NULL,NULL),(4918,NULL,'2016-07-15 15:49:26',NULL,'Windows 7','Internet Explorer 9','116.236.210.154',NULL,NULL,NULL,NULL),(4919,NULL,'2016-07-15 15:52:59',NULL,'Windows 7','Internet Explorer 8','123.139.89.106',NULL,NULL,NULL,NULL),(4920,NULL,'2016-07-15 16:54:39',NULL,'Windows 7','Firefox','123.139.89.106',NULL,NULL,NULL,NULL),(4921,NULL,'2016-07-15 20:29:52',NULL,'iOS 9 (iPhone)','Apple WebKit','140.243.171.243',NULL,NULL,NULL,NULL),(4922,NULL,'2016-07-15 20:30:01',NULL,'iOS 9 (iPhone)','Apple WebKit','140.243.171.243',NULL,NULL,NULL,NULL),(4923,NULL,'2016-07-15 20:30:49',NULL,'iOS 9 (iPhone)','Apple WebKit','140.243.171.243',NULL,NULL,NULL,NULL),(4924,NULL,'2016-07-15 22:37:56',NULL,'Windows 7','Chrome','60.247.55.173',NULL,NULL,NULL,NULL),(4925,NULL,'2016-07-16 11:05:21',NULL,'Windows 10','Chrome 38','110.184.29.83',NULL,NULL,NULL,NULL),(4926,NULL,'2016-07-17 09:23:58',NULL,'Windows 7','Chrome 38','182.148.32.214',NULL,NULL,NULL,NULL),(4927,NULL,'2016-07-18 10:29:53',NULL,'Windows 7','Chrome','103.38.232.99',NULL,NULL,NULL,NULL),(4928,NULL,'2016-07-18 11:08:15',NULL,'Windows 10','Chrome','61.135.194.168',NULL,NULL,NULL,NULL),(4929,NULL,'2016-07-18 11:09:58',NULL,'Windows 10','Chrome','61.135.194.168',NULL,NULL,NULL,NULL),(4930,NULL,'2016-07-18 11:10:55',NULL,'Windows 10','Chrome','61.135.194.168',NULL,NULL,NULL,NULL),(4931,NULL,'2016-07-18 11:12:20',NULL,'Windows 10','Chrome','61.135.194.168',NULL,NULL,NULL,NULL),(4932,NULL,'2016-07-18 11:12:38',NULL,'Windows 10','Chrome','61.135.194.168',NULL,NULL,NULL,NULL),(4933,NULL,'2016-07-18 11:18:48',NULL,'Windows 7','Chrome','103.38.232.99',NULL,NULL,NULL,NULL),(4934,NULL,'2016-07-18 11:20:30',NULL,'Windows 10','Chrome','61.135.194.168',NULL,NULL,NULL,NULL),(4935,NULL,'2016-07-18 11:21:15',NULL,'Windows 10','Chrome','61.135.194.168',NULL,NULL,NULL,NULL),(4936,NULL,'2016-07-18 11:21:29',NULL,'Windows 10','Chrome','61.135.194.168',NULL,NULL,NULL,NULL),(4937,NULL,'2016-07-18 11:21:35',NULL,'Windows 10','Chrome','61.135.194.168',NULL,NULL,NULL,NULL),(4938,NULL,'2016-07-18 11:22:56',NULL,'Windows 10','Chrome','61.135.194.168',NULL,NULL,NULL,NULL),(4939,NULL,'2016-07-18 11:23:47',NULL,'Windows 10','Chrome','61.135.194.168',NULL,NULL,NULL,NULL),(4940,NULL,'2016-07-18 11:24:03',NULL,'Windows 10','Chrome','61.135.194.168',NULL,NULL,NULL,NULL),(4941,NULL,'2016-07-18 11:25:51',NULL,'iOS 9 (iPhone)','Apple WebKit','117.136.100.189',NULL,NULL,NULL,NULL),(4942,NULL,'2016-07-18 11:35:54',NULL,'Windows 7','Chrome','103.38.232.99',NULL,NULL,NULL,NULL),(4943,NULL,'2016-07-18 14:27:01',NULL,'Windows 7','Chrome','101.81.123.78',NULL,NULL,NULL,NULL),(4944,NULL,'2016-07-18 14:49:21',NULL,'Windows 7','Chrome','103.38.232.99',NULL,NULL,NULL,NULL),(4945,NULL,'2016-07-18 14:52:00',NULL,'Windows 7','Chrome','103.38.232.99',NULL,NULL,NULL,NULL),(4946,NULL,'2016-07-18 15:01:29',NULL,'Windows 10','Chrome','61.135.194.168',NULL,NULL,NULL,NULL),(4947,NULL,'2016-07-18 15:05:00',NULL,'Windows 10','Chrome','61.135.194.168',NULL,NULL,NULL,NULL),(4948,NULL,'2016-07-18 15:07:42',NULL,'Windows 10','Firefox','61.135.194.168',NULL,NULL,NULL,NULL),(4949,NULL,'2016-07-18 15:10:22',NULL,'Windows 10','Chrome','61.135.194.168',NULL,NULL,NULL,NULL),(4950,NULL,'2016-07-18 15:11:57',NULL,'Windows 10','Chrome','61.135.194.168',NULL,NULL,NULL,NULL),(4951,NULL,'2016-07-18 15:12:20',NULL,'Windows 10','Chrome 45','60.211.222.66',NULL,NULL,NULL,NULL),(4952,NULL,'2016-07-18 15:12:20',NULL,'Android 4.x','Mobile Safari','112.64.235.87',NULL,NULL,NULL,NULL),(4953,NULL,'2016-07-18 15:12:27',NULL,'Windows XP','Chrome 45','180.153.206.31',NULL,NULL,NULL,NULL),(4954,NULL,'2016-07-18 15:18:37',NULL,'Windows 10','Chrome','111.196.79.79',NULL,NULL,NULL,NULL),(4955,NULL,'2016-07-18 15:20:11',NULL,'Windows 10','Chrome','114.241.221.138',NULL,NULL,NULL,NULL),(4956,NULL,'2016-07-18 15:23:23',NULL,'Windows 10','Chrome','111.196.79.79',NULL,NULL,NULL,NULL),(4957,NULL,'2016-07-18 15:32:39',NULL,'Windows 10','Chrome','61.135.194.168',NULL,NULL,NULL,NULL),(4958,NULL,'2016-07-18 15:33:32',NULL,'Windows 7','Chrome 45','123.85.178.60',NULL,NULL,NULL,NULL),(4959,NULL,'2016-07-18 15:33:41',NULL,'Windows 7','Chrome 45','123.85.178.60',NULL,NULL,NULL,NULL),(4960,NULL,'2016-07-18 15:42:51',NULL,'Windows 10','Chrome','61.135.194.168',NULL,NULL,NULL,NULL),(4961,NULL,'2016-07-18 15:45:41',NULL,'Windows 10','Chrome 38','14.124.109.186',NULL,NULL,NULL,NULL),(4962,NULL,'2016-07-18 15:48:33',NULL,'Windows 7','Internet Explorer 8','123.139.89.106',NULL,NULL,NULL,NULL),(4963,NULL,'2016-07-18 15:48:48',NULL,'Windows 10','Chrome 45','60.211.222.66',NULL,NULL,NULL,NULL),(4964,NULL,'2016-07-18 15:49:36',NULL,'Windows 7','Firefox','123.139.89.106',NULL,NULL,NULL,NULL),(4965,NULL,'2016-07-18 15:49:46',NULL,'Windows 10','Microsoft Edge 13','223.240.173.21',NULL,NULL,NULL,NULL),(4966,NULL,'2016-07-18 16:44:43',NULL,'Windows 10','Chrome 47','218.6.169.95',NULL,NULL,NULL,NULL),(4967,NULL,'2016-07-18 18:01:37',NULL,'Windows 10','Microsoft Edge 13','124.205.39.138',NULL,NULL,NULL,NULL),(4968,NULL,'2016-07-18 18:01:56',NULL,'Windows 7','Chrome','101.81.123.78',NULL,NULL,NULL,NULL),(4969,NULL,'2016-07-18 18:05:35',NULL,'Windows 7','Chrome 47','14.153.211.133',NULL,NULL,NULL,NULL),(4970,NULL,'2016-07-18 18:21:31',NULL,'iOS 9 (iPhone)','Apple WebKit','117.89.133.205',NULL,NULL,NULL,NULL),(4971,NULL,'2016-07-18 18:24:17',NULL,'Windows 10','Chrome 45','118.244.254.9',NULL,NULL,NULL,NULL),(4972,NULL,'2016-07-18 18:26:20',NULL,'Windows 7','Chrome 46','117.89.133.205',NULL,NULL,NULL,NULL),(4973,NULL,'2016-07-18 18:27:31',NULL,'Windows 7','Chrome 45','123.85.178.60',NULL,NULL,NULL,NULL),(4974,NULL,'2016-07-18 19:03:17',NULL,'iOS 9 (iPhone)','Apple WebKit','218.19.97.142',NULL,NULL,NULL,NULL),(4975,NULL,'2016-07-18 19:31:13',NULL,'Windows 10','Chrome','111.196.79.79',NULL,NULL,NULL,NULL),(4976,NULL,'2016-07-18 19:31:17',NULL,'Windows 10','Chrome','111.196.79.79',NULL,NULL,NULL,NULL),(4977,NULL,'2016-07-18 22:17:11',NULL,'iOS 9 (iPhone)','Apple WebKit','183.164.59.209',NULL,NULL,NULL,NULL),(4978,NULL,'2016-07-19 08:48:52',NULL,'iOS 9 (iPhone)','Apple WebKit','123.234.233.64',NULL,NULL,NULL,NULL),(4979,NULL,'2016-07-19 08:49:13',NULL,'iOS 9 (iPhone)','Apple WebKit','123.234.233.64',NULL,NULL,NULL,NULL),(4980,NULL,'2016-07-19 09:17:33',NULL,'Windows 8.1','Chrome 45','180.169.33.113',NULL,NULL,NULL,NULL),(4981,NULL,'2016-07-19 09:26:10',NULL,'Windows 10','Chrome','61.135.194.168',NULL,NULL,NULL,NULL),(4982,NULL,'2016-07-19 09:26:18',NULL,'Windows 10','Chrome','61.135.194.168',NULL,NULL,NULL,NULL),(4983,NULL,'2016-07-19 09:26:46',NULL,'Windows 10','Chrome','61.135.194.168',NULL,NULL,NULL,NULL),(4984,NULL,'2016-07-19 09:27:06',NULL,'Windows 10','Chrome','61.135.194.168',NULL,NULL,NULL,NULL),(4985,NULL,'2016-07-19 09:27:31',NULL,'Windows 7','Chrome 47','218.17.162.170',NULL,NULL,NULL,NULL),(4986,NULL,'2016-07-19 09:29:29',NULL,'Windows 10','Chrome','61.135.194.168',NULL,NULL,NULL,NULL),(4987,NULL,'2016-07-19 09:29:33',NULL,'Windows 10','Chrome','61.135.194.168',NULL,NULL,NULL,NULL),(4988,NULL,'2016-07-19 09:30:13',NULL,'Windows 10','Chrome','61.135.194.168',NULL,NULL,NULL,NULL),(4989,NULL,'2016-07-19 09:30:17',NULL,'Windows 10','Chrome','61.135.194.168',NULL,NULL,NULL,NULL),(4990,NULL,'2016-07-19 10:02:27',NULL,'Windows 10','Chrome','61.135.194.168',NULL,NULL,NULL,NULL),(4991,NULL,'2016-07-19 10:02:33',NULL,'Windows 10','Chrome','61.135.194.168',NULL,NULL,NULL,NULL),(4992,NULL,'2016-07-19 10:05:48',NULL,'Windows 10','Chrome','61.135.194.168',NULL,NULL,NULL,NULL),(4993,NULL,'2016-07-19 10:13:12',NULL,'Windows 10','Chrome','61.135.194.168',NULL,NULL,NULL,NULL),(4994,NULL,'2016-07-19 10:14:20',NULL,'Windows 10','Chrome','61.135.194.168',NULL,NULL,NULL,NULL),(4995,NULL,'2016-07-19 10:19:56',NULL,'Windows 7','Chrome 42','106.38.73.234',NULL,NULL,NULL,NULL),(4996,NULL,'2016-07-19 10:20:03',NULL,'Windows 7','Chrome 38','61.135.242.241',NULL,NULL,NULL,NULL),(4997,NULL,'2016-07-19 10:20:21',NULL,'Windows 7','Chrome','112.65.145.162',NULL,NULL,NULL,NULL),(4998,NULL,'2016-07-19 10:20:27',NULL,'Windows 7','Chrome','119.255.38.142',NULL,NULL,NULL,NULL),(4999,NULL,'2016-07-19 10:20:32',NULL,'Windows 10','Chrome','61.135.194.168',NULL,NULL,NULL,NULL),(5000,NULL,'2016-07-19 10:21:12',NULL,'Windows 8.1','Chrome 45','106.37.236.229',NULL,NULL,NULL,NULL),(5001,NULL,'2016-07-19 10:21:30',NULL,'Windows 8.1','Firefox','223.72.88.249',NULL,NULL,NULL,NULL),(5002,NULL,'2016-07-19 10:21:37',NULL,'Windows 7','Chrome','221.239.96.186',NULL,NULL,NULL,NULL),(5003,NULL,'2016-07-19 10:21:41',NULL,'Windows 7','Chrome','221.239.96.186',NULL,NULL,NULL,NULL),(5004,NULL,'2016-07-19 10:22:29',NULL,'Android 5.x','Chrome 37','106.120.61.77',NULL,NULL,NULL,NULL),(5005,NULL,'2016-07-19 10:22:48',NULL,'Windows 7','Chrome','112.65.145.162',NULL,NULL,NULL,NULL),(5006,NULL,'2016-07-19 10:22:49',NULL,'Windows 7','Chrome 45','182.150.21.96',NULL,NULL,NULL,NULL),(5007,NULL,'2016-07-19 10:23:54',NULL,'Windows 10','Chrome','61.135.194.168',NULL,NULL,NULL,NULL),(5008,NULL,'2016-07-19 10:24:44',NULL,'Windows 7','Chrome 45','124.205.63.250',NULL,NULL,NULL,NULL),(5009,NULL,'2016-07-19 10:24:54',NULL,'Mac OS X','Safari 9','118.186.252.98',NULL,NULL,NULL,NULL),(5010,NULL,'2016-07-19 10:25:30',NULL,'Windows 7','Chrome 46','119.57.251.72',NULL,NULL,NULL,NULL),(5011,NULL,'2016-07-19 10:25:47',NULL,'Windows 7','Internet Explorer 11','36.110.119.52',NULL,NULL,NULL,NULL),(5012,NULL,'2016-07-19 10:27:57',NULL,'Windows 7','Chrome 45','182.150.21.96',NULL,NULL,NULL,NULL),(5013,NULL,'2016-07-19 10:28:08',NULL,'Mac OS X','Safari 9','118.186.252.98',NULL,NULL,NULL,NULL),(5014,NULL,'2016-07-19 10:28:18',NULL,'Windows 10','Chrome','61.135.194.168',NULL,NULL,NULL,NULL),(5015,NULL,'2016-07-19 10:28:22',NULL,'Windows 10','Chrome','61.135.194.168',NULL,NULL,NULL,NULL),(5016,NULL,'2016-07-19 10:28:42',NULL,'Windows 10','Chrome','61.135.194.168',NULL,NULL,NULL,NULL),(5017,NULL,'2016-07-19 10:29:38',NULL,'Mac OS X','Safari 9','118.186.252.98',NULL,NULL,NULL,NULL),(5018,NULL,'2016-07-19 10:30:17',NULL,'Windows 7','Chrome','112.65.145.162',NULL,NULL,NULL,NULL),(5019,NULL,'2016-07-19 10:32:16',NULL,'Windows 7','Chrome 47','183.131.17.98',NULL,NULL,NULL,NULL),(5020,NULL,'2016-07-19 10:32:45',NULL,'Windows 7','Chrome 45','182.18.37.231',NULL,NULL,NULL,NULL),(5021,NULL,'2016-07-19 10:33:49',NULL,'Windows 7','Chrome 46','119.57.251.72',NULL,NULL,NULL,NULL),(5022,NULL,'2016-07-19 10:36:34',NULL,'Mac OS X','Chrome','124.207.174.242',NULL,NULL,NULL,NULL),(5023,NULL,'2016-07-19 10:37:17',NULL,'Windows 7','Chrome 47','223.72.57.194',NULL,NULL,NULL,NULL),(5024,NULL,'2016-07-19 10:37:52',NULL,'Windows 7','Chrome 46','124.207.174.242',NULL,NULL,NULL,NULL),(5025,NULL,'2016-07-19 10:44:34',NULL,'Android 5.x','Chrome 37','117.136.0.183',NULL,NULL,NULL,NULL),(5026,NULL,'2016-07-19 10:44:55',NULL,'Windows 7','Chrome 47','123.178.199.14',NULL,NULL,NULL,NULL),(5027,NULL,'2016-07-19 10:44:58',NULL,'Windows 10','Chrome 45','223.71.219.45',NULL,NULL,NULL,NULL),(5028,NULL,'2016-07-19 10:45:07',NULL,'Windows 7','Chrome 47','123.178.199.14',NULL,NULL,NULL,NULL),(5029,NULL,'2016-07-19 10:47:18',NULL,'Windows 7','Chrome','123.122.90.111',NULL,NULL,NULL,NULL),(5030,NULL,'2016-07-19 10:47:29',NULL,'Windows 10','Chrome','61.135.194.168',NULL,NULL,NULL,NULL),(5031,NULL,'2016-07-19 10:47:35',NULL,'Windows 10','Chrome','61.135.194.168',NULL,NULL,NULL,NULL),(5032,NULL,'2016-07-19 10:48:08',NULL,'Windows 7','Chrome','61.49.178.106',NULL,NULL,NULL,NULL),(5033,NULL,'2016-07-19 10:48:19',NULL,'Windows 7','Chrome','61.49.178.106',NULL,NULL,NULL,NULL),(5034,NULL,'2016-07-19 10:49:51',NULL,'Mac OS X','Chrome','124.207.174.242',NULL,NULL,NULL,NULL),(5035,NULL,'2016-07-19 10:53:27',NULL,'Windows XP','Chrome 45','218.28.24.138',NULL,NULL,NULL,NULL),(5036,NULL,'2016-07-19 11:05:27',NULL,'Windows 7','Internet Explorer 11','111.198.70.62',NULL,NULL,NULL,NULL),(5037,NULL,'2016-07-19 11:05:48',NULL,'Windows 7','Internet Explorer 11','111.198.70.62',NULL,NULL,NULL,NULL),(5038,NULL,'2016-07-19 11:41:41',NULL,'Android 6.x','Chrome 37','123.119.212.45',NULL,NULL,NULL,NULL),(5039,NULL,'2016-07-19 12:15:47',NULL,'Windows 7','Chrome','112.65.145.162',NULL,NULL,NULL,NULL),(5040,NULL,'2016-07-19 12:15:58',NULL,'Windows 7','Chrome','112.65.145.162',NULL,NULL,NULL,NULL),(5041,NULL,'2016-07-19 12:19:38',NULL,'Android 5.x','Chrome 37','61.148.243.41',NULL,NULL,NULL,NULL),(5042,NULL,'2016-07-19 12:30:52',NULL,'Windows 7','Chrome 45','124.127.118.52',NULL,NULL,NULL,NULL),(5043,NULL,'2016-07-19 12:31:18',NULL,'Windows 7','Chrome 47','113.250.253.170',NULL,NULL,NULL,NULL),(5044,NULL,'2016-07-19 12:33:18',NULL,'Windows 7','Chrome 45','114.242.38.103',NULL,NULL,NULL,NULL),(5045,NULL,'2016-07-19 12:40:03',NULL,'Windows 10','Chrome','61.135.194.168',NULL,NULL,NULL,NULL),(5046,NULL,'2016-07-19 12:40:22',NULL,'Windows 7','Chrome 45','124.65.96.198',NULL,NULL,NULL,NULL),(5047,NULL,'2016-07-19 12:41:58',NULL,'Windows 7','Chrome 38','103.8.221.205',NULL,NULL,NULL,NULL),(5048,NULL,'2016-07-19 12:50:11',NULL,'Windows 10','Chrome','61.190.69.5',NULL,NULL,NULL,NULL),(5049,NULL,'2016-07-19 13:07:08',NULL,'Windows 10','Chrome 47','120.217.56.158',NULL,NULL,NULL,NULL),(5050,NULL,'2016-07-19 13:08:42',NULL,'Windows 7','Internet Explorer 11','119.40.48.44',NULL,NULL,NULL,NULL),(5051,NULL,'2016-07-19 13:11:05',NULL,'Windows 8.1','Chrome','121.14.104.61',NULL,NULL,NULL,NULL),(5052,NULL,'2016-07-19 13:12:39',NULL,'Windows 10','Chrome','61.135.194.168',NULL,NULL,NULL,NULL),(5053,NULL,'2016-07-19 13:12:41',NULL,'Windows 10','Chrome','61.135.194.168',NULL,NULL,NULL,NULL),(5054,NULL,'2016-07-19 13:15:13',NULL,'Windows 7','Firefox','113.118.50.85',NULL,NULL,NULL,NULL),(5055,NULL,'2016-07-19 13:15:15',NULL,'Android 4.x','Mobile Safari','101.226.33.221',NULL,NULL,NULL,NULL),(5056,NULL,'2016-07-19 13:22:14',NULL,'Windows 10','Chrome','116.231.152.93',NULL,NULL,NULL,NULL),(5057,NULL,'2016-07-19 13:25:56',NULL,'Windows 7','Chrome 47','106.39.60.50',NULL,NULL,NULL,NULL),(5058,NULL,'2016-07-19 13:30:35',NULL,'Windows 7','Chrome 45','106.39.15.158',NULL,NULL,NULL,NULL),(5059,NULL,'2016-07-19 13:31:20',NULL,'Windows 7','Chrome 47','222.66.154.84',NULL,NULL,NULL,NULL),(5060,NULL,'2016-07-19 13:31:32',NULL,'Windows 7','Chrome 47','222.66.154.84',NULL,NULL,NULL,NULL),(5061,NULL,'2016-07-19 13:41:52',NULL,'Windows 7','Chrome 31','114.240.61.253',NULL,NULL,NULL,NULL),(5062,NULL,'2016-07-19 13:46:02',NULL,'Windows 7','Chrome','114.240.199.164',NULL,NULL,NULL,NULL),(5063,NULL,'2016-07-19 13:52:50',NULL,'Windows 7','Chrome 45','117.40.132.195',NULL,NULL,NULL,NULL),(5064,NULL,'2016-07-19 13:52:59',NULL,'Windows 7','Chrome 45','117.40.132.195',NULL,NULL,NULL,NULL),(5065,NULL,'2016-07-19 13:53:06',NULL,'Windows 7','Chrome 45','221.232.136.154',NULL,NULL,NULL,NULL),(5066,NULL,'2016-07-19 13:53:11',NULL,'Windows 7','Chrome 45','117.40.132.195',NULL,NULL,NULL,NULL),(5067,NULL,'2016-07-19 13:53:13',NULL,'Windows 7','Chrome 45','117.40.132.195',NULL,NULL,NULL,NULL),(5068,NULL,'2016-07-19 13:54:08',NULL,'Windows 7','Chrome 45','117.40.132.195',NULL,NULL,NULL,NULL),(5069,NULL,'2016-07-19 13:54:09',NULL,'Windows 7','Chrome 45','117.40.132.195',NULL,NULL,NULL,NULL),(5070,NULL,'2016-07-19 13:55:50',NULL,'Windows 7','Chrome 49','117.40.132.195',NULL,NULL,NULL,NULL),(5071,NULL,'2016-07-19 13:59:54',NULL,'Windows 8.1','Chrome 45','221.219.226.35',NULL,NULL,NULL,NULL),(5072,NULL,'2016-07-19 14:03:58',NULL,'Windows 7','Chrome','123.125.26.230',NULL,NULL,NULL,NULL),(5073,NULL,'2016-07-19 14:05:08',NULL,'Windows 7','Chrome','123.125.26.230',NULL,NULL,NULL,NULL),(5074,NULL,'2016-07-19 14:05:35',NULL,'Windows 7','Chrome','123.125.26.230',NULL,NULL,NULL,NULL),(5075,NULL,'2016-07-19 14:07:57',NULL,'Windows 7','Chrome 46','123.125.26.230',NULL,NULL,NULL,NULL),(5076,NULL,'2016-07-19 14:09:22',NULL,'Windows 7','Chrome','112.253.25.51',NULL,NULL,NULL,NULL),(5077,NULL,'2016-07-19 14:12:13',NULL,'Windows 7','Chrome 42','111.203.45.2',NULL,NULL,NULL,NULL),(5078,NULL,'2016-07-19 14:12:27',NULL,'Windows 7','Chrome 42','111.203.45.2',NULL,NULL,NULL,NULL),(5079,NULL,'2016-07-19 14:32:13',NULL,'Windows 10','Chrome 39','110.228.24.155',NULL,NULL,NULL,NULL),(5080,NULL,'2016-07-19 14:39:16',NULL,'Windows 8.1','Chrome 42','112.112.32.224',NULL,NULL,NULL,NULL),(5081,NULL,'2016-07-19 14:39:25',NULL,'Windows 8.1','Chrome 42','112.112.32.224',NULL,NULL,NULL,NULL),(5082,NULL,'2016-07-19 14:53:14',NULL,'Windows XP','Chrome 45','218.28.24.138',NULL,NULL,NULL,NULL),(5083,NULL,'2016-07-19 14:53:54',NULL,'Windows XP','Internet Explorer 8','218.28.24.138',NULL,NULL,NULL,NULL),(5084,NULL,'2016-07-19 14:54:32',NULL,'Windows 8.1','Chrome 42','112.112.32.224',NULL,NULL,NULL,NULL),(5085,NULL,'2016-07-19 14:54:37',NULL,'Windows XP','Chrome 45','218.28.24.138',NULL,NULL,NULL,NULL),(5086,NULL,'2016-07-19 15:14:43',NULL,'Windows 10','Chrome','61.135.194.168',NULL,NULL,NULL,NULL),(5087,NULL,'2016-07-19 15:16:00',NULL,'Windows 8.1','Chrome 42','112.112.32.224',NULL,NULL,NULL,NULL),(5088,NULL,'2016-07-19 15:16:10',NULL,'Windows 7','Chrome','124.133.5.234',NULL,NULL,NULL,NULL),(5089,NULL,'2016-07-19 15:16:15',NULL,'Windows 10','Chrome','113.109.60.252',NULL,NULL,NULL,NULL),(5090,NULL,'2016-07-19 15:16:18',NULL,'Windows 10','Chrome','222.90.106.195',NULL,NULL,NULL,NULL),(5091,NULL,'2016-07-19 15:16:19',NULL,'Windows 7','Internet Explorer 9','144.52.45.169',NULL,NULL,NULL,NULL),(5092,NULL,'2016-07-19 15:16:21',NULL,'Windows 7','Chrome 45','218.83.245.210',NULL,NULL,NULL,NULL),(5093,NULL,'2016-07-19 15:16:39',NULL,'Windows 7','Chrome','117.114.151.179',NULL,NULL,NULL,NULL),(5094,NULL,'2016-07-19 15:16:56',NULL,'Windows 7','Chrome','144.52.45.169',NULL,NULL,NULL,NULL),(5095,NULL,'2016-07-19 15:17:23',NULL,'Windows 7','Chrome 45','218.27.76.50',NULL,NULL,NULL,NULL),(5096,NULL,'2016-07-19 15:17:34',NULL,'Windows 7','Chrome 45','223.71.219.130',NULL,NULL,NULL,NULL),(5097,NULL,'2016-07-19 15:17:37',NULL,'Windows 7','Chrome 45','123.85.178.60',NULL,NULL,NULL,NULL),(5098,NULL,'2016-07-19 15:17:45',NULL,'Windows 10','Chrome','121.8.210.22',NULL,NULL,NULL,NULL),(5099,NULL,'2016-07-19 15:18:02',NULL,'Windows 10','Chrome 49','111.75.216.62',NULL,NULL,NULL,NULL),(5100,NULL,'2016-07-19 15:18:04',NULL,'Windows 7','Internet Explorer 8','111.207.230.161',NULL,NULL,NULL,NULL),(5101,NULL,'2016-07-19 15:18:11',NULL,'Windows 7','Firefox','218.247.164.40',NULL,NULL,NULL,NULL),(5102,NULL,'2016-07-19 15:18:20',NULL,'Windows 7','Chrome','116.228.89.242',NULL,NULL,NULL,NULL),(5103,NULL,'2016-07-19 15:18:29',NULL,'Windows 10','Chrome','222.35.39.206',NULL,NULL,NULL,NULL),(5104,NULL,'2016-07-19 15:18:52',NULL,'Windows 7','Chrome 45','202.96.41.3',NULL,NULL,NULL,NULL),(5105,NULL,'2016-07-19 15:19:31',NULL,'Windows 10','Chrome 38','14.124.108.198',NULL,NULL,NULL,NULL),(5106,NULL,'2016-07-19 15:19:40',NULL,'Windows 7','Internet Explorer 8','111.207.230.161',NULL,NULL,NULL,NULL),(5107,NULL,'2016-07-19 15:20:04',NULL,'Windows 7','Internet Explorer 11','121.15.27.61',NULL,NULL,NULL,NULL),(5108,NULL,'2016-07-19 15:20:24',NULL,'Windows 7','Chrome 47','124.74.134.198',NULL,NULL,NULL,NULL),(5109,NULL,'2016-07-19 15:21:29',NULL,'Windows 10','Chrome','106.39.222.41',NULL,NULL,NULL,NULL),(5110,NULL,'2016-07-19 15:21:42',NULL,'Windows 10','Chrome 38','61.135.194.168',NULL,NULL,NULL,NULL),(5111,NULL,'2016-07-19 15:22:40',NULL,'Windows 7','Chrome 49','183.129.218.84',NULL,NULL,NULL,NULL),(5112,NULL,'2016-07-19 15:23:53',NULL,'Windows 10','Firefox','111.206.190.198',NULL,NULL,NULL,NULL),(5113,NULL,'2016-07-19 15:24:00',NULL,'Windows 10','Microsoft Edge 13','219.134.108.166',NULL,NULL,NULL,NULL),(5114,NULL,'2016-07-19 15:24:41',NULL,'Windows 7','Firefox','61.145.223.94',NULL,NULL,NULL,NULL),(5115,NULL,'2016-07-19 15:24:42',NULL,'Windows 7','Chrome','14.28.139.155',NULL,NULL,NULL,NULL),(5116,NULL,'2016-07-19 15:24:50',NULL,'Windows XP','Internet Explorer 7','211.157.166.220',NULL,NULL,NULL,NULL),(5117,NULL,'2016-07-19 15:25:45',NULL,'Windows 7','Firefox','61.145.223.94',NULL,NULL,NULL,NULL),(5118,NULL,'2016-07-19 15:27:44',NULL,'Windows 7','Firefox','61.145.223.94',NULL,NULL,NULL,NULL),(5119,NULL,'2016-07-19 15:29:08',NULL,'Windows 7','Internet Explorer 9','116.24.98.18',NULL,NULL,NULL,NULL),(5120,NULL,'2016-07-19 15:30:12',NULL,'Windows 7','Chrome','218.240.62.35',NULL,NULL,NULL,NULL),(5121,NULL,'2016-07-19 15:32:18',NULL,'Windows 7','Chrome 30','58.212.190.237',NULL,NULL,NULL,NULL),(5122,NULL,'2016-07-19 15:32:29',NULL,'Windows 7','Chrome 30','58.212.190.237',NULL,NULL,NULL,NULL),(5123,NULL,'2016-07-19 15:32:49',NULL,'Windows 7','Firefox','61.145.223.94',NULL,NULL,NULL,NULL),(5124,NULL,'2016-07-19 15:34:32',NULL,'Windows 7','Chrome 47','58.211.194.43',NULL,NULL,NULL,NULL),(5125,NULL,'2016-07-19 15:36:54',NULL,'Windows 10','Chrome 45','180.173.181.101',NULL,NULL,NULL,NULL),(5126,NULL,'2016-07-19 15:37:18',NULL,'Windows 7','Chrome 31','114.240.61.253',NULL,NULL,NULL,NULL),(5127,NULL,'2016-07-19 15:37:49',NULL,'Windows 7','Chrome','218.240.62.35',NULL,NULL,NULL,NULL),(5128,NULL,'2016-07-19 15:37:52',NULL,'Windows 7','Internet Explorer 9','113.140.251.121',NULL,NULL,NULL,NULL),(5129,NULL,'2016-07-19 15:38:29',NULL,'Windows 10','Chrome','61.135.194.168',NULL,NULL,NULL,NULL),(5130,NULL,'2016-07-19 15:38:50',NULL,'Windows 7','Chrome','218.240.62.35',NULL,NULL,NULL,NULL),(5131,NULL,'2016-07-19 15:38:52',NULL,'Windows 7','Chrome','218.240.62.35',NULL,NULL,NULL,NULL),(5132,NULL,'2016-07-19 15:40:41',NULL,'Windows 7','Chrome 45','58.58.196.19',NULL,NULL,NULL,NULL),(5133,NULL,'2016-07-19 15:40:56',NULL,'Windows 7','Chrome','218.240.62.35',NULL,NULL,NULL,NULL),(5134,NULL,'2016-07-19 15:41:51',NULL,'Windows 7','Firefox','61.141.189.194',NULL,NULL,NULL,NULL),(5135,NULL,'2016-07-19 15:42:23',NULL,'Windows 7','Chrome 38','36.110.13.115',NULL,NULL,NULL,NULL),(5136,NULL,'2016-07-19 15:42:50',NULL,'Windows 7','Firefox','117.15.85.27',NULL,NULL,NULL,NULL),(5137,NULL,'2016-07-19 15:43:56',NULL,'Windows 7','Chrome 49','119.57.32.162',NULL,NULL,NULL,NULL),(5138,NULL,'2016-07-19 15:44:09',NULL,'Windows 10','Chrome 49','58.254.0.129',NULL,NULL,NULL,NULL),(5139,NULL,'2016-07-19 15:44:27',NULL,'Windows 7','Internet Explorer 7','211.162.34.23',NULL,NULL,NULL,NULL),(5140,NULL,'2016-07-19 15:44:35',NULL,'Windows 7','Chrome 45','182.150.21.96',NULL,NULL,NULL,NULL),(5141,NULL,'2016-07-19 15:44:47',NULL,'Windows 8.1','Chrome 45','101.254.166.99',NULL,NULL,NULL,NULL),(5142,NULL,'2016-07-19 15:45:05',NULL,'Windows 7','Internet Explorer 9','1.119.6.38',NULL,NULL,NULL,NULL),(5143,NULL,'2016-07-19 15:45:11',NULL,'Windows 8.1','Chrome 49','111.203.34.12',NULL,NULL,NULL,NULL),(5144,NULL,'2016-07-19 15:48:08',NULL,'Android 5.x','Chrome 37','123.12.87.204',NULL,NULL,NULL,NULL),(5145,NULL,'2016-07-19 15:48:16',NULL,'Windows 7','Chrome 31','111.30.21.47',NULL,NULL,NULL,NULL),(5146,NULL,'2016-07-19 15:49:43',NULL,'Windows 8.1','Chrome 42','112.112.32.224',NULL,NULL,NULL,NULL),(5147,NULL,'2016-07-19 15:50:12',NULL,'Windows 7','Chrome 45','218.249.73.63',NULL,NULL,NULL,NULL),(5148,NULL,'2016-07-19 15:50:29',NULL,'Windows 8.1','Chrome 42','112.112.32.224',NULL,NULL,NULL,NULL),(5149,NULL,'2016-07-19 15:54:53',NULL,'Windows 7','Firefox','183.14.227.12',NULL,NULL,NULL,NULL),(5150,NULL,'2016-07-19 15:55:40',NULL,'Windows 10','Chrome','61.135.194.168',NULL,NULL,NULL,NULL),(5151,NULL,'2016-07-19 15:59:38',NULL,'Windows 10','Microsoft Edge 13','223.240.173.21',NULL,NULL,NULL,NULL),(5152,NULL,'2016-07-19 16:00:53',NULL,'Windows 7','Chrome','221.239.96.186',NULL,NULL,NULL,NULL),(5153,NULL,'2016-07-19 16:03:49',NULL,'Windows 7','Chrome','221.239.96.186',NULL,NULL,NULL,NULL),(5154,NULL,'2016-07-19 16:03:50',NULL,'Windows 7','Chrome','221.239.96.186',NULL,NULL,NULL,NULL),(5155,NULL,'2016-07-19 16:11:02',NULL,'Windows 10','Chrome 49','110.249.174.58',NULL,NULL,NULL,NULL),(5156,NULL,'2016-07-19 16:13:16',NULL,'Windows 8.1','Chrome 45','111.201.211.215',NULL,NULL,NULL,NULL),(5157,NULL,'2016-07-19 16:22:23',NULL,'Windows 7','Chrome','221.239.96.186',NULL,NULL,NULL,NULL),(5158,NULL,'2016-07-19 16:22:37',NULL,'Windows 7','Chrome','221.239.96.186',NULL,NULL,NULL,NULL),(5159,NULL,'2016-07-19 16:22:43',NULL,'Windows 7','Chrome 45','202.96.41.3',NULL,NULL,NULL,NULL),(5160,NULL,'2016-07-19 16:26:57',NULL,'Windows 7','Chrome','221.239.96.186',NULL,NULL,NULL,NULL),(5161,NULL,'2016-07-19 16:26:59',NULL,'Windows 7','Chrome','221.239.96.186',NULL,NULL,NULL,NULL),(5162,NULL,'2016-07-19 16:27:00',NULL,'Windows 7','Chrome','221.239.96.186',NULL,NULL,NULL,NULL),(5163,NULL,'2016-07-19 16:27:01',NULL,'Windows 7','Chrome','221.239.96.186',NULL,NULL,NULL,NULL),(5164,NULL,'2016-07-19 16:27:02',NULL,'Windows 8.1','Chrome 45','111.201.211.215',NULL,NULL,NULL,NULL),(5165,NULL,'2016-07-19 16:27:04',NULL,'Windows 7','Chrome','221.239.96.186',NULL,NULL,NULL,NULL),(5166,NULL,'2016-07-19 16:27:05',NULL,'Windows 7','Chrome','221.239.96.186',NULL,NULL,NULL,NULL),(5167,NULL,'2016-07-19 16:27:06',NULL,'Windows 7','Chrome','221.239.96.186',NULL,NULL,NULL,NULL),(5168,NULL,'2016-07-19 16:27:07',NULL,'Windows 7','Chrome','221.239.96.186',NULL,NULL,NULL,NULL),(5169,NULL,'2016-07-19 16:27:08',NULL,'Windows 7','Chrome','221.239.96.186',NULL,NULL,NULL,NULL),(5170,NULL,'2016-07-19 16:27:09',NULL,'Windows 7','Chrome','221.239.96.186',NULL,NULL,NULL,NULL),(5171,NULL,'2016-07-19 16:27:09',NULL,'Windows 7','Chrome','221.239.96.186',NULL,NULL,NULL,NULL),(5172,NULL,'2016-07-19 16:27:10',NULL,'Windows 7','Chrome','221.239.96.186',NULL,NULL,NULL,NULL),(5173,NULL,'2016-07-19 16:27:11',NULL,'Windows 7','Chrome','221.239.96.186',NULL,NULL,NULL,NULL),(5174,NULL,'2016-07-19 16:27:11',NULL,'Windows 7','Chrome','221.239.96.186',NULL,NULL,NULL,NULL),(5175,NULL,'2016-07-19 16:27:13',NULL,'Windows 7','Chrome','221.239.96.186',NULL,NULL,NULL,NULL),(5176,NULL,'2016-07-19 16:27:14',NULL,'Windows 7','Chrome','221.239.96.186',NULL,NULL,NULL,NULL),(5177,NULL,'2016-07-19 16:27:14',NULL,'Windows 7','Chrome','221.239.96.186',NULL,NULL,NULL,NULL),(5178,NULL,'2016-07-19 16:27:15',NULL,'Windows 7','Chrome','221.239.96.186',NULL,NULL,NULL,NULL),(5179,NULL,'2016-07-19 16:27:16',NULL,'Windows 7','Chrome','221.239.96.186',NULL,NULL,NULL,NULL),(5180,NULL,'2016-07-19 16:27:17',NULL,'Windows 7','Chrome','221.239.96.186',NULL,NULL,NULL,NULL),(5181,NULL,'2016-07-19 16:27:17',NULL,'Windows 7','Chrome','221.239.96.186',NULL,NULL,NULL,NULL),(5182,NULL,'2016-07-19 16:27:18',NULL,'Windows 7','Chrome','221.239.96.186',NULL,NULL,NULL,NULL),(5183,NULL,'2016-07-19 16:27:19',NULL,'Windows 7','Chrome','221.239.96.186',NULL,NULL,NULL,NULL),(5184,NULL,'2016-07-19 16:27:20',NULL,'Windows 7','Chrome','221.239.96.186',NULL,NULL,NULL,NULL),(5185,NULL,'2016-07-19 16:27:21',NULL,'Windows 7','Chrome','221.239.96.186',NULL,NULL,NULL,NULL),(5186,NULL,'2016-07-19 16:27:22',NULL,'Windows 7','Chrome','221.239.96.186',NULL,NULL,NULL,NULL),(5187,NULL,'2016-07-19 16:27:23',NULL,'Windows 7','Chrome','221.239.96.186',NULL,NULL,NULL,NULL),(5188,NULL,'2016-07-19 16:27:23',NULL,'Windows 7','Chrome','221.239.96.186',NULL,NULL,NULL,NULL),(5189,NULL,'2016-07-19 16:27:25',NULL,'Windows 7','Chrome','221.239.96.186',NULL,NULL,NULL,NULL),(5190,NULL,'2016-07-19 16:27:26',NULL,'Windows 7','Chrome','221.239.96.186',NULL,NULL,NULL,NULL),(5191,NULL,'2016-07-19 16:27:27',NULL,'Windows 7','Chrome','221.239.96.186',NULL,NULL,NULL,NULL),(5192,NULL,'2016-07-19 16:27:28',NULL,'Windows 7','Chrome','221.239.96.186',NULL,NULL,NULL,NULL),(5193,NULL,'2016-07-19 16:27:29',NULL,'Windows 7','Chrome','221.239.96.186',NULL,NULL,NULL,NULL),(5194,NULL,'2016-07-19 16:27:32',NULL,'Windows 7','Chrome','221.239.96.186',NULL,NULL,NULL,NULL),(5195,NULL,'2016-07-19 16:27:32',NULL,'Windows 7','Chrome','221.239.96.186',NULL,NULL,NULL,NULL),(5196,NULL,'2016-07-19 16:28:18',NULL,'Windows 7','Chrome 49','117.40.132.195',NULL,NULL,NULL,NULL),(5197,NULL,'2016-07-19 16:28:19',NULL,'Windows 7','Chrome 49','117.40.132.195',NULL,NULL,NULL,NULL),(5198,NULL,'2016-07-19 16:28:19',NULL,'Windows 7','Chrome 49','117.40.132.195',NULL,NULL,NULL,NULL),(5199,NULL,'2016-07-19 16:28:19',NULL,'Windows 7','Chrome 49','117.40.132.195',NULL,NULL,NULL,NULL),(5200,NULL,'2016-07-19 16:52:54',NULL,'Windows 8.1','Chrome 42','112.112.32.224',NULL,NULL,NULL,NULL),(5201,NULL,'2016-07-19 16:54:41',NULL,'Windows 7','Chrome 47','114.111.166.227',NULL,NULL,NULL,NULL),(5202,NULL,'2016-07-19 17:13:47',NULL,'Windows 10','Chrome','61.135.194.168',NULL,NULL,NULL,NULL),(5203,NULL,'2016-07-19 17:15:48',NULL,'Windows 10','Chrome','218.72.45.235',NULL,NULL,NULL,NULL),(5204,NULL,'2016-07-19 17:15:56',NULL,'Windows 7','Chrome 45','121.56.239.139',NULL,NULL,NULL,NULL),(5205,NULL,'2016-07-19 17:15:59',NULL,'Android 5.x','Chrome 37','58.243.250.144',NULL,NULL,NULL,NULL),(5206,NULL,'2016-07-19 17:16:02',NULL,'Windows 8.1','Chrome 47','39.65.139.47',NULL,NULL,NULL,NULL),(5207,NULL,'2016-07-19 17:16:14',NULL,'Windows 7','Chrome 37','111.204.202.194',NULL,NULL,NULL,NULL),(5208,NULL,'2016-07-19 17:16:16',NULL,'Windows 7','Internet Explorer 9','219.141.211.14',NULL,NULL,NULL,NULL),(5209,NULL,'2016-07-19 17:16:20',NULL,'Windows 7','Chrome 48','101.81.3.151',NULL,NULL,NULL,NULL),(5210,NULL,'2016-07-19 17:16:54',NULL,'Windows 10','Firefox','221.223.133.176',NULL,NULL,NULL,NULL),(5211,NULL,'2016-07-19 17:16:59',NULL,'Windows 7','Chrome 42','59.108.99.162',NULL,NULL,NULL,NULL),(5212,NULL,'2016-07-19 17:17:19',NULL,'Windows 7','Chrome','111.207.163.38',NULL,NULL,NULL,NULL),(5213,NULL,'2016-07-19 17:17:35',NULL,'Windows 7','Firefox','125.34.76.67',NULL,NULL,NULL,NULL),(5214,NULL,'2016-07-19 17:18:06',NULL,'Windows 7','Firefox','124.238.218.5',NULL,NULL,NULL,NULL),(5215,NULL,'2016-07-19 17:18:15',NULL,'Windows 7','Chrome 47','112.82.247.132',NULL,NULL,NULL,NULL),(5216,NULL,'2016-07-19 17:18:30',NULL,'Windows 7','Firefox','111.206.166.226',NULL,NULL,NULL,NULL),(5217,NULL,'2016-07-19 17:19:09',NULL,'Android 4.x','Chrome 37','117.33.120.210',NULL,NULL,NULL,NULL),(5218,NULL,'2016-07-19 17:19:13',NULL,'Windows 7','Firefox','123.124.249.235',NULL,NULL,NULL,NULL),(5219,NULL,'2016-07-19 17:19:32',NULL,'Android 5.x','Chrome 37','218.205.167.1',NULL,NULL,NULL,NULL),(5220,NULL,'2016-07-19 17:20:07',NULL,'Android 4.x','Chrome 37','114.111.167.228',NULL,NULL,NULL,NULL),(5221,NULL,'2016-07-19 17:21:55',NULL,'Windows 7','Internet Explorer 8','218.56.199.231',NULL,NULL,NULL,NULL),(5222,NULL,'2016-07-19 17:22:30',NULL,'Windows 7','Internet Explorer 11','125.34.76.67',NULL,NULL,NULL,NULL),(5223,NULL,'2016-07-19 17:23:23',NULL,'Windows 10','Microsoft Edge 13','222.35.22.178',NULL,NULL,NULL,NULL),(5224,NULL,'2016-07-19 17:25:10',NULL,'Windows 7','Chrome','218.56.199.231',NULL,NULL,NULL,NULL),(5225,NULL,'2016-07-19 17:27:40',NULL,'Windows 7','Internet Explorer 11','125.34.76.67',NULL,NULL,NULL,NULL),(5226,NULL,'2016-07-19 17:33:59',NULL,'Windows 7','Internet Explorer 11','202.106.52.126',NULL,NULL,NULL,NULL),(5227,NULL,'2016-07-19 17:35:26',NULL,'Windows 10','Chrome','218.72.45.235',NULL,NULL,NULL,NULL),(5228,NULL,'2016-07-19 17:47:50',NULL,'Windows 7','Chrome 45','114.113.220.27',NULL,NULL,NULL,NULL),(5229,NULL,'2016-07-19 17:52:14',NULL,'Android 6.x','Chrome 37','114.242.250.240',NULL,NULL,NULL,NULL),(5230,NULL,'2016-07-19 19:16:17',NULL,'Windows XP','Chrome 47','182.18.15.18',NULL,NULL,NULL,NULL),(5231,NULL,'2016-07-19 19:28:42',NULL,'Windows 7','Internet Explorer 9','219.141.211.14',NULL,NULL,NULL,NULL),(5232,NULL,'2016-07-19 19:30:13',NULL,'Windows 10','Chrome','101.81.193.48',NULL,NULL,NULL,NULL),(5233,NULL,'2016-07-19 19:36:12',NULL,'Windows 10','Chrome 45','222.18.167.198',NULL,NULL,NULL,NULL),(5234,NULL,'2016-07-19 20:02:50',NULL,'Windows 7','Chrome 45','39.177.205.176',NULL,NULL,NULL,NULL),(5235,NULL,'2016-07-19 20:58:11',NULL,'Windows 7','Chrome 47','117.114.129.182',NULL,NULL,NULL,NULL),(5236,NULL,'2016-07-19 21:00:19',NULL,'Windows 7','Chrome 47','117.114.129.182',NULL,NULL,NULL,NULL),(5237,NULL,'2016-07-19 21:16:22',NULL,'Android 4.x','Chrome 37','111.206.20.59',NULL,NULL,NULL,NULL),(5238,NULL,'2016-07-19 21:19:26',NULL,'Windows 7','Chrome 45','103.44.205.149',NULL,NULL,NULL,NULL),(5239,NULL,'2016-07-19 23:10:23',NULL,'Windows 7','Chrome 45','112.95.136.38',NULL,NULL,NULL,NULL),(5240,NULL,'2016-07-19 23:14:17',NULL,'Windows 7','Chrome 45','112.95.136.38',NULL,NULL,NULL,NULL),(5241,NULL,'2016-07-20 07:48:37',NULL,'Windows 10','Chrome','111.161.77.194',NULL,NULL,NULL,NULL),(5242,NULL,'2016-07-20 08:26:27',NULL,'Windows 8.1','Chrome','157.61.129.180',NULL,NULL,NULL,NULL),(5243,NULL,'2016-07-20 08:39:24',NULL,'Windows 10','Chrome 45','125.39.30.137',NULL,NULL,NULL,NULL),(5244,NULL,'2016-07-20 09:07:20',NULL,'Windows 10','Chrome 45','125.39.30.137',NULL,NULL,NULL,NULL),(5245,NULL,'2016-07-20 09:09:41',NULL,'Windows 7','Chrome 45','202.106.86.129',NULL,NULL,NULL,NULL),(5246,NULL,'2016-07-20 09:23:33',NULL,'Windows 7','Chrome','124.65.108.46',NULL,NULL,NULL,NULL),(5247,NULL,'2016-07-20 09:30:30',NULL,'Windows 10','Internet Explorer 11','114.249.226.123',NULL,NULL,NULL,NULL),(5248,NULL,'2016-07-20 09:34:55',NULL,'Windows 10','Internet Explorer 11','222.128.177.92',NULL,NULL,NULL,NULL),(5249,NULL,'2016-07-20 09:36:17',NULL,'Windows 10','Internet Explorer 11','49.4.169.146',NULL,NULL,NULL,NULL),(5250,NULL,'2016-07-20 09:38:19',NULL,'Windows 10','Internet Explorer 11','49.4.169.146',NULL,NULL,NULL,NULL),(5251,NULL,'2016-07-20 09:42:57',NULL,'Windows 7','Chrome 45','123.138.217.221',NULL,NULL,NULL,NULL),(5252,NULL,'2016-07-20 09:43:39',NULL,'Windows 8.1','Chrome 47','115.60.82.123',NULL,NULL,NULL,NULL),(5253,NULL,'2016-07-20 09:44:05',NULL,'Android 4.x','Mobile Safari','101.226.69.246',NULL,NULL,NULL,NULL),(5254,NULL,'2016-07-20 09:44:05',NULL,'Windows 8.1','Chrome 38','221.193.217.2',NULL,NULL,NULL,NULL),(5255,NULL,'2016-07-20 09:44:12',NULL,'Windows XP','Chrome 45','101.226.65.102',NULL,NULL,NULL,NULL),(5256,NULL,'2016-07-20 09:44:26',NULL,'Windows 7','Chrome','123.90.195.188',NULL,NULL,NULL,NULL),(5257,NULL,'2016-07-20 09:44:26',NULL,'Windows 7','Chrome 47','223.72.57.194',NULL,NULL,NULL,NULL),(5258,NULL,'2016-07-20 09:44:49',NULL,'Windows 7','Chrome','211.157.145.226',NULL,NULL,NULL,NULL),(5259,NULL,'2016-07-20 09:45:03',NULL,'Windows 10','Microsoft Edge 13','116.236.130.126',NULL,NULL,NULL,NULL),(5260,NULL,'2016-07-20 09:46:58',NULL,'Windows 7','Chrome 45','124.207.8.234',NULL,NULL,NULL,NULL),(5261,NULL,'2016-07-20 09:47:32',NULL,'Windows 7','Chrome 38','123.120.126.167',NULL,NULL,NULL,NULL),(5262,NULL,'2016-07-20 09:49:22',NULL,'Windows 10','Chrome','218.72.45.235',NULL,NULL,NULL,NULL),(5263,NULL,'2016-07-20 09:50:59',NULL,'Windows 8.1','Chrome 47','124.193.195.210',NULL,NULL,NULL,NULL),(5264,NULL,'2016-07-20 09:51:18',NULL,'Windows 10','Chrome 45','124.207.38.143',NULL,NULL,NULL,NULL),(5265,NULL,'2016-07-20 09:51:39',NULL,'Windows 7','Chrome 45','113.57.160.51',NULL,NULL,NULL,NULL),(5266,NULL,'2016-07-20 09:52:25',NULL,'Windows 7','Chrome 45','113.57.160.51',NULL,NULL,NULL,NULL),(5267,NULL,'2016-07-20 09:53:18',NULL,'Windows 10','Internet Explorer 11','222.161.97.190',NULL,NULL,NULL,NULL),(5268,NULL,'2016-07-20 09:54:50',NULL,'Windows 10','Chrome 45','124.207.38.143',NULL,NULL,NULL,NULL),(5269,NULL,'2016-07-20 10:01:32',NULL,'Windows 10','Chrome','61.135.194.168',NULL,NULL,NULL,NULL),(5270,NULL,'2016-07-20 10:02:37',NULL,'Windows 7','Internet Explorer 8','101.254.182.62',NULL,NULL,NULL,NULL),(5271,NULL,'2016-07-20 10:03:11',NULL,'iOS 9 (iPhone)','Apple WebKit','117.136.70.96',NULL,NULL,NULL,NULL),(5272,NULL,'2016-07-20 10:03:20',NULL,'Windows 10','Chrome','61.135.194.168',NULL,NULL,NULL,NULL),(5273,NULL,'2016-07-20 10:03:24',NULL,'Windows 7','Firefox','101.254.182.62',NULL,NULL,NULL,NULL),(5274,NULL,'2016-07-20 10:06:41',NULL,'Windows 7','Firefox','101.81.115.218',NULL,NULL,NULL,NULL),(5275,NULL,'2016-07-20 10:06:45',NULL,'Windows 7','Chrome 45','101.254.182.62',NULL,NULL,NULL,NULL),(5276,NULL,'2016-07-20 10:07:26',NULL,'Windows 7','Firefox','101.81.115.218',NULL,NULL,NULL,NULL),(5277,NULL,'2016-07-20 10:09:12',NULL,'Android 4.x','Chrome 37','60.222.59.10',NULL,NULL,NULL,NULL),(5278,NULL,'2016-07-20 10:11:03',NULL,'Mac OS X','Safari 9','180.168.65.198',NULL,NULL,NULL,NULL),(5279,NULL,'2016-07-20 10:18:47',NULL,'Windows 7','Chrome 45','175.25.25.151',NULL,NULL,NULL,NULL),(5280,NULL,'2016-07-20 10:33:27',NULL,'Windows XP','Firefox','111.206.166.242',NULL,NULL,NULL,NULL),(5281,NULL,'2016-07-20 10:44:09',NULL,'Windows 7','Chrome','116.239.12.14',NULL,NULL,NULL,NULL),(5282,NULL,'2016-07-20 11:09:16',NULL,'Windows 7','Chrome 45','106.42.175.151',NULL,NULL,NULL,NULL),(5283,NULL,'2016-07-20 11:12:04',NULL,'Windows 7','Chrome','219.146.91.98',NULL,NULL,NULL,NULL),(5284,NULL,'2016-07-20 11:14:17',NULL,'Windows 7','Chrome 45','101.254.182.62',NULL,NULL,NULL,NULL),(5285,NULL,'2016-07-20 11:14:55',NULL,'Windows 7','Chrome','219.146.91.98',NULL,NULL,NULL,NULL),(5286,NULL,'2016-07-20 11:41:16',NULL,'Windows 8.1','Chrome 47','223.72.243.62',NULL,NULL,NULL,NULL),(5287,NULL,'2016-07-20 11:52:18',NULL,'Windows 7','Chrome','124.205.127.102',NULL,NULL,NULL,NULL),(5288,NULL,'2016-07-20 12:25:13',NULL,'Windows 10','Chrome 38','14.216.8.57',NULL,NULL,NULL,NULL),(5289,NULL,'2016-07-20 12:39:59',NULL,'Windows 8.1','Chrome 45','221.219.226.35',NULL,NULL,NULL,NULL),(5290,NULL,'2016-07-20 12:46:50',NULL,'Windows 7','Firefox','125.39.30.146',NULL,NULL,NULL,NULL),(5291,NULL,'2016-07-20 13:44:35',NULL,'Windows 10','Chrome 38','124.65.136.186',NULL,NULL,NULL,NULL),(5292,NULL,'2016-07-20 13:47:34',NULL,'Windows 10','Chrome 38','124.65.136.186',NULL,NULL,NULL,NULL),(5293,NULL,'2016-07-20 13:48:01',NULL,'Windows 10','Chrome 38','124.65.136.186',NULL,NULL,NULL,NULL),(5294,NULL,'2016-07-20 13:54:22',NULL,'Windows 7','Internet Explorer 7','211.162.33.129',NULL,NULL,NULL,NULL),(5295,NULL,'2016-07-20 13:54:41',NULL,'Android 5.x','Chrome 37','106.120.61.77',NULL,NULL,NULL,NULL),(5296,NULL,'2016-07-20 13:55:24',NULL,'Mac OS X','Safari 9','122.71.166.251',NULL,NULL,NULL,NULL),(5297,NULL,'2016-07-20 13:56:10',NULL,'Windows 7','Chrome','192.168.7.176',NULL,NULL,NULL,NULL),(5298,NULL,'2016-07-20 13:57:36',NULL,'Windows 10','Chrome 45','111.113.70.26',NULL,NULL,NULL,NULL),(5299,NULL,'2016-07-20 14:07:00',NULL,'Windows 7','Chrome 45','112.229.145.174',NULL,NULL,NULL,NULL),(5300,NULL,'2016-07-20 14:07:02',NULL,'Windows 7','Chrome','183.45.18.112',NULL,NULL,NULL,NULL),(5301,NULL,'2016-07-20 14:08:13',NULL,'Windows 7','Chrome 45','112.229.145.174',NULL,NULL,NULL,NULL),(5302,NULL,'2016-07-20 14:08:34',NULL,'Windows 10','Chrome 45','111.113.70.26',NULL,NULL,NULL,NULL),(5303,NULL,'2016-07-20 14:09:16',NULL,'Windows 7','Firefox','125.33.204.77',NULL,NULL,NULL,NULL),(5304,NULL,'2016-07-20 14:12:59',NULL,'Windows 10','Firefox','113.31.16.242',NULL,NULL,NULL,NULL),(5305,NULL,'2016-07-20 14:13:46',NULL,'Windows 7','Firefox 45','14.105.93.130',NULL,NULL,NULL,NULL),(5306,NULL,'2016-07-20 14:14:07',NULL,'Windows 7','Firefox 45','14.105.93.130',NULL,NULL,NULL,NULL),(5307,NULL,'2016-07-20 14:19:19',NULL,'Windows 10','Microsoft Edge 13','223.240.167.61',NULL,NULL,NULL,NULL),(5308,NULL,'2016-07-20 14:19:38',NULL,'Windows 10','Microsoft Edge 13','223.240.167.61',NULL,NULL,NULL,NULL),(5309,NULL,'2016-07-20 14:20:54',NULL,'Windows 7','Chrome','14.105.93.130',NULL,NULL,NULL,NULL),(5310,NULL,'2016-07-20 14:21:06',NULL,'Windows 7','Chrome 45','114.113.220.27',NULL,NULL,NULL,NULL),(5311,NULL,'2016-07-20 14:21:53',NULL,'Windows 10','Chrome','27.115.87.106',NULL,NULL,NULL,NULL),(5312,NULL,'2016-07-20 14:22:09',NULL,'Windows 10','Chrome','61.135.194.168',NULL,NULL,NULL,NULL),(5313,NULL,'2016-07-20 14:22:49',NULL,'Windows 7','Firefox','123.125.90.171',NULL,NULL,NULL,NULL),(5314,NULL,'2016-07-20 14:23:09',NULL,'Windows 10','Chrome','27.115.87.106',NULL,NULL,NULL,NULL),(5315,NULL,'2016-07-20 14:39:53',NULL,'Windows 10','Chrome 47','218.6.169.95',NULL,NULL,NULL,NULL),(5316,NULL,'2016-07-20 14:40:07',NULL,'Windows 10','Chrome 47','218.6.169.95',NULL,NULL,NULL,NULL),(5317,NULL,'2016-07-20 14:41:21',NULL,'Windows 10','Chrome 47','218.6.169.95',NULL,NULL,NULL,NULL),(5318,NULL,'2016-07-20 14:44:39',NULL,'Windows 7','Chrome 45','118.113.144.13',NULL,NULL,NULL,NULL),(5319,NULL,'2016-07-20 14:44:47',NULL,'Windows XP','Chrome 45','218.28.24.138',NULL,NULL,NULL,NULL),(5320,NULL,'2016-07-20 14:49:42',NULL,'Windows 10','Chrome 47','116.231.32.152',NULL,NULL,NULL,NULL),(5321,NULL,'2016-07-20 14:49:55',NULL,'Windows 10','Chrome 47','116.231.32.152',NULL,NULL,NULL,NULL),(5322,NULL,'2016-07-20 14:50:20',NULL,'Windows 7','Chrome 47','116.231.32.152',NULL,NULL,NULL,NULL),(5323,NULL,'2016-07-20 14:57:20',NULL,'Windows 10','Chrome 38','14.216.8.57',NULL,NULL,NULL,NULL),(5324,NULL,'2016-07-20 15:11:44',NULL,'Windows 7','Chrome 38','61.48.18.192',NULL,NULL,NULL,NULL),(5325,NULL,'2016-07-20 15:18:19',NULL,'Windows 7','Chrome','114.111.166.64',NULL,NULL,NULL,NULL),(5326,NULL,'2016-07-20 15:38:58',NULL,'Windows 7','Chrome','114.111.166.64',NULL,NULL,NULL,NULL),(5327,NULL,'2016-07-20 15:44:51',NULL,'Windows 7','Chrome 38','221.130.253.135',NULL,NULL,NULL,NULL),(5328,NULL,'2016-07-20 15:51:30',NULL,'Windows 7','Chrome','112.253.25.51',NULL,NULL,NULL,NULL),(5329,NULL,'2016-07-20 15:56:12',NULL,'Windows 7','Chrome 45','101.254.182.62',NULL,NULL,NULL,NULL),(5330,NULL,'2016-07-20 16:09:03',NULL,'Windows 10','Chrome 45','125.39.30.137',NULL,NULL,NULL,NULL),(5331,NULL,'2016-07-20 16:11:55',NULL,'Windows 10','Chrome 45','125.39.30.137',NULL,NULL,NULL,NULL),(5332,NULL,'2016-07-20 16:14:52',NULL,'Windows 10','Chrome','61.135.194.168',NULL,NULL,NULL,NULL),(5333,NULL,'2016-07-20 16:15:16',NULL,'Windows 10','Chrome','61.135.194.168',NULL,NULL,NULL,NULL),(5334,NULL,'2016-07-20 16:16:18',NULL,'Windows 10','Firefox','219.143.226.66',NULL,NULL,NULL,NULL),(5335,NULL,'2016-07-20 16:18:01',NULL,'Android 5.x','Chrome 37','36.248.246.11',NULL,NULL,NULL,NULL),(5336,NULL,'2016-07-20 16:18:03',NULL,'Windows 7','Chrome 47','219.239.110.100',NULL,NULL,NULL,NULL),(5337,NULL,'2016-07-20 16:18:13',NULL,'Windows 7','Internet Explorer 10','115.60.63.66',NULL,NULL,NULL,NULL),(5338,NULL,'2016-07-20 16:19:02',NULL,'Windows 7','Chrome 45','117.122.208.6',NULL,NULL,NULL,NULL),(5339,NULL,'2016-07-20 16:19:03',NULL,'Windows 7','Chrome 45','61.134.47.190',NULL,NULL,NULL,NULL),(5340,NULL,'2016-07-20 16:20:20',NULL,'iOS 9 (iPhone)','Apple WebKit','117.136.0.180',NULL,NULL,NULL,NULL),(5341,NULL,'2016-07-20 16:20:39',NULL,'Windows 10','Chrome 47','114.249.211.227',NULL,NULL,NULL,NULL),(5342,NULL,'2016-07-20 16:21:05',NULL,'Windows 10','Microsoft Edge 13','221.2.243.42',NULL,NULL,NULL,NULL),(5343,NULL,'2016-07-20 16:21:44',NULL,'Android 4.x','Chrome 37','183.246.145.134',NULL,NULL,NULL,NULL),(5344,NULL,'2016-07-20 16:21:55',NULL,'Windows 10','Firefox','58.251.229.40',NULL,NULL,NULL,NULL),(5345,NULL,'2016-07-20 16:22:46',NULL,'Windows 7','Chrome 49','42.92.182.15',NULL,NULL,NULL,NULL),(5346,NULL,'2016-07-20 16:23:38',NULL,'iOS 9 (iPhone)','Apple WebKit','223.104.3.204',NULL,NULL,NULL,NULL),(5347,NULL,'2016-07-20 16:25:24',NULL,'Windows 10','Microsoft Edge 13','221.2.243.42',NULL,NULL,NULL,NULL),(5348,NULL,'2016-07-20 16:25:25',NULL,'Windows 10','Microsoft Edge 13','221.2.243.42',NULL,NULL,NULL,NULL),(5349,NULL,'2016-07-20 16:25:49',NULL,'Android 4.x','Chrome 37','223.104.19.132',NULL,NULL,NULL,NULL),(5350,NULL,'2016-07-20 16:27:29',NULL,'Windows 10','Chrome','61.135.194.168',NULL,NULL,NULL,NULL),(5351,NULL,'2016-07-20 16:27:31',NULL,'Windows 10','Chrome','61.135.194.168',NULL,NULL,NULL,NULL),(5352,NULL,'2016-07-20 16:28:05',NULL,'Windows 10','Chrome','61.135.194.168',NULL,NULL,NULL,NULL),(5353,NULL,'2016-07-20 16:28:11',NULL,'Windows 10','Chrome','61.135.194.168',NULL,NULL,NULL,NULL),(5354,NULL,'2016-07-20 16:28:11',NULL,'Windows 10','Chrome','61.135.194.168',NULL,NULL,NULL,NULL),(5355,NULL,'2016-07-20 16:28:12',NULL,'Windows 10','Chrome','61.135.194.168',NULL,NULL,NULL,NULL),(5356,NULL,'2016-07-20 16:28:12',NULL,'Windows 10','Chrome','61.135.194.168',NULL,NULL,NULL,NULL),(5357,NULL,'2016-07-20 16:28:12',NULL,'Windows 10','Chrome','61.135.194.168',NULL,NULL,NULL,NULL),(5358,NULL,'2016-07-20 16:29:33',NULL,'Windows 10','Chrome','61.135.194.168',NULL,NULL,NULL,NULL),(5359,NULL,'2016-07-20 16:32:14',NULL,'Windows 7','Chrome 45','61.134.47.190',NULL,NULL,NULL,NULL),(5360,NULL,'2016-07-20 16:38:45',NULL,'Android 4.x','Mobile Safari','114.111.167.192',NULL,NULL,NULL,NULL),(5361,NULL,'2016-07-20 16:41:04',NULL,'Windows 7','Chrome 45','117.122.208.6',NULL,NULL,NULL,NULL),(5362,NULL,'2016-07-20 16:41:31',NULL,'Windows 7','Chrome 45','117.122.208.6',NULL,NULL,NULL,NULL),(5363,NULL,'2016-07-20 16:44:46',NULL,'Windows 10','Chrome','222.175.119.170',NULL,NULL,NULL,NULL),(5364,NULL,'2016-07-20 16:45:10',NULL,'Windows 7','Chrome 45','117.122.208.6',NULL,NULL,NULL,NULL),(5365,NULL,'2016-07-20 16:45:22',NULL,'Windows 7','Chrome 45','117.122.208.6',NULL,NULL,NULL,NULL),(5366,NULL,'2016-07-20 16:47:57',NULL,'Windows 7','Chrome 49','42.92.182.15',NULL,NULL,NULL,NULL),(5367,NULL,'2016-07-20 16:50:44',NULL,'Android 5.x','Chrome 37','117.136.53.204',NULL,NULL,NULL,NULL),(5368,NULL,'2016-07-20 16:50:48',NULL,'Windows 7','Chrome 47','111.59.90.97',NULL,NULL,NULL,NULL),(5369,NULL,'2016-07-20 17:01:37',NULL,'Windows 8','Chrome 45','183.129.151.90',NULL,NULL,NULL,NULL),(5370,NULL,'2016-07-20 17:04:04',NULL,'Windows 10','Internet Explorer 11','221.2.243.42',NULL,NULL,NULL,NULL),(5371,NULL,'2016-07-20 17:27:52',NULL,'Windows 10','Firefox','123.127.244.6',NULL,NULL,NULL,NULL),(5372,NULL,'2016-07-20 17:27:55',NULL,'Windows 7','Chrome 45','114.111.167.192',NULL,NULL,NULL,NULL),(5373,NULL,'2016-07-20 17:28:48',NULL,'Windows 7','Chrome 45','114.111.167.192',NULL,NULL,NULL,NULL),(5374,NULL,'2016-07-20 17:53:25',NULL,'Windows 7','Chrome','116.239.12.14',NULL,NULL,NULL,NULL),(5375,NULL,'2016-07-20 18:12:31',NULL,'Windows 7','Internet Explorer 11','120.234.2.218',NULL,NULL,NULL,NULL),(5376,NULL,'2016-07-20 18:12:47',NULL,'Windows 7','Internet Explorer 11','120.234.2.218',NULL,NULL,NULL,NULL),(5377,NULL,'2016-07-20 18:15:24',NULL,'Windows 7','Chrome','116.30.169.128',NULL,NULL,NULL,NULL),(5378,NULL,'2016-07-20 18:15:36',NULL,'Windows 7','Chrome','116.30.169.128',NULL,NULL,NULL,NULL),(5379,NULL,'2016-07-20 18:21:10',NULL,'Windows 7','Chrome','116.30.169.128',NULL,NULL,NULL,NULL),(5380,NULL,'2016-07-20 19:49:55',NULL,'Windows 7','Chrome','222.69.251.167',NULL,NULL,NULL,NULL),(5381,NULL,'2016-07-20 22:10:54',NULL,'Mac OS X','Chrome','36.110.118.101',NULL,NULL,NULL,NULL),(5382,NULL,'2016-07-20 22:17:01',NULL,'Windows 7','Chrome 47','106.39.222.46',NULL,NULL,NULL,NULL),(5383,NULL,'2016-07-20 22:54:07',NULL,'Mac OS X','Chrome','36.110.118.101',NULL,NULL,NULL,NULL),(5384,NULL,'2016-07-20 22:58:08',NULL,'Windows 10','Chrome 47','123.117.95.134',NULL,NULL,NULL,NULL),(5385,NULL,'2016-07-21 08:31:15',NULL,'Windows 8.1','Chrome 45','61.178.236.7',NULL,NULL,NULL,NULL),(5386,NULL,'2016-07-21 08:34:30',NULL,'Windows 7','Chrome 48','122.4.237.157',NULL,NULL,NULL,NULL),(5387,NULL,'2016-07-21 08:52:59',NULL,'Windows 7','Chrome 45','202.96.41.3',NULL,NULL,NULL,NULL),(5388,NULL,'2016-07-21 09:08:52',NULL,'Windows 10','Chrome 47','222.128.168.154',NULL,NULL,NULL,NULL),(5389,NULL,'2016-07-21 09:09:03',NULL,'Windows 10','Chrome 47','222.128.168.154',NULL,NULL,NULL,NULL),(5390,NULL,'2016-07-21 09:09:39',NULL,'Windows 10','Chrome 45','113.67.132.27',NULL,NULL,NULL,NULL),(5391,NULL,'2016-07-21 09:11:30',NULL,'Windows 8.1','Chrome 42','112.117.11.219',NULL,NULL,NULL,NULL),(5392,NULL,'2016-07-21 09:11:44',NULL,'Windows 8.1','Chrome 42','112.117.11.219',NULL,NULL,NULL,NULL),(5393,NULL,'2016-07-21 09:12:30',NULL,'Windows 7','Internet Explorer 9','113.68.33.214',NULL,NULL,NULL,NULL),(5394,NULL,'2016-07-21 09:12:43',NULL,'Windows 7','Internet Explorer 9','113.68.33.214',NULL,NULL,NULL,NULL),(5395,NULL,'2016-07-21 09:18:59',NULL,'Windows 7','Chrome 45','113.132.8.80',NULL,NULL,NULL,NULL),(5396,NULL,'2016-07-21 09:20:21',NULL,'Windows 7','Chrome 45','124.89.34.85',NULL,NULL,NULL,NULL),(5397,NULL,'2016-07-21 09:31:01',NULL,'Windows 8.1','Chrome 42','112.117.11.219',NULL,NULL,NULL,NULL),(5398,NULL,'2016-07-21 09:33:56',NULL,'Windows 7','Chrome 45','113.132.8.80',NULL,NULL,NULL,NULL),(5399,NULL,'2016-07-21 09:44:25',NULL,'Windows 10','Chrome 45','113.67.132.27',NULL,NULL,NULL,NULL),(5400,NULL,'2016-07-21 09:50:59',NULL,'Windows 7','Internet Explorer 9','123.139.25.49',NULL,NULL,NULL,NULL),(5401,NULL,'2016-07-21 09:54:24',NULL,'Windows 10','Chrome','61.135.194.168',NULL,NULL,NULL,NULL),(5402,NULL,'2016-07-21 09:56:07',NULL,'Windows 7','Chrome','115.197.240.85',NULL,NULL,NULL,NULL),(5403,NULL,'2016-07-21 09:56:21',NULL,'Windows 7','Firefox','114.80.240.196',NULL,NULL,NULL,NULL),(5404,NULL,'2016-07-21 09:56:25',NULL,'Windows 10','Chrome','27.115.87.106',NULL,NULL,NULL,NULL),(5405,NULL,'2016-07-21 09:56:33',NULL,'Windows 7','Firefox','125.34.76.67',NULL,NULL,NULL,NULL),(5406,NULL,'2016-07-21 09:56:39',NULL,'iOS 9 (iPhone)','Apple WebKit','112.96.188.65',NULL,NULL,NULL,NULL),(5407,NULL,'2016-07-21 10:06:27',NULL,'Windows 7','Chrome','116.228.153.18',NULL,NULL,NULL,NULL),(5408,NULL,'2016-07-21 10:09:02',NULL,'Windows 7','Internet Explorer 11','119.40.48.40',NULL,NULL,NULL,NULL),(5409,NULL,'2016-07-21 10:10:36',NULL,'Windows 7','Firefox','113.90.81.95',NULL,NULL,NULL,NULL),(5410,NULL,'2016-07-21 10:17:35',NULL,'Windows 7','Chrome 38','221.130.253.135',NULL,NULL,NULL,NULL),(5411,NULL,'2016-07-21 10:35:58',NULL,'Windows 7','Chrome 45','58.251.229.40',NULL,NULL,NULL,NULL),(5412,NULL,'2016-07-21 10:36:14',NULL,'Windows 7','Chrome 45','58.251.229.40',NULL,NULL,NULL,NULL),(5413,NULL,'2016-07-21 10:39:03',NULL,'Windows 10','Firefox','123.127.244.6',NULL,NULL,NULL,NULL),(5414,NULL,'2016-07-21 10:43:29',NULL,'Windows 10','Chrome','61.135.194.168',NULL,NULL,NULL,NULL),(5415,NULL,'2016-07-21 10:48:20',NULL,'Windows 10','Chrome','61.135.194.168',NULL,NULL,NULL,NULL),(5416,NULL,'2016-07-21 10:49:03',NULL,'Windows 7','Chrome 45','58.251.229.40',NULL,NULL,NULL,NULL),(5417,NULL,'2016-07-21 10:49:15',NULL,'Windows 7','Chrome','117.114.130.195',NULL,NULL,NULL,NULL),(5418,NULL,'2016-07-21 10:49:16',NULL,'Windows XP','Chrome 45','112.64.235.247',NULL,NULL,NULL,NULL),(5419,NULL,'2016-07-21 10:49:16',NULL,'Android 4.x','Mobile Safari','180.153.206.34',NULL,NULL,NULL,NULL),(5420,NULL,'2016-07-21 10:49:34',NULL,'Windows 10','Chrome','61.135.194.168',NULL,NULL,NULL,NULL),(5421,NULL,'2016-07-21 10:54:53',NULL,'Windows 10','Chrome 47','112.193.175.46',NULL,NULL,NULL,NULL),(5422,NULL,'2016-07-21 10:57:03',NULL,'Windows 8.1','Chrome 42','112.117.11.219',NULL,NULL,NULL,NULL),(5423,NULL,'2016-07-21 12:36:29',NULL,'Windows 10','Chrome','61.135.194.168',NULL,NULL,NULL,NULL),(5424,NULL,'2016-07-21 12:44:35',NULL,'Windows 7','Chrome','1.202.99.100',NULL,NULL,NULL,NULL),(5425,NULL,'2016-07-21 13:20:26',NULL,'Windows 7','Chrome','60.211.167.2',NULL,NULL,NULL,NULL),(5426,NULL,'2016-07-21 13:38:54',NULL,'Windows 10','Microsoft Edge 13','119.6.92.220',NULL,NULL,NULL,NULL),(5427,NULL,'2016-07-21 13:38:55',NULL,'Windows 7','Chrome 38','123.57.11.79',NULL,NULL,NULL,NULL),(5428,NULL,'2016-07-21 13:39:01',NULL,'Windows 7','Chrome 45','113.132.8.80',NULL,NULL,NULL,NULL),(5429,NULL,'2016-07-21 13:39:31',NULL,'Android 5.x','Chrome 37','116.216.5.11',NULL,NULL,NULL,NULL),(5430,NULL,'2016-07-21 13:39:37',NULL,'Windows 7','Chrome 45','113.132.8.80',NULL,NULL,NULL,NULL),(5431,NULL,'2016-07-21 13:40:31',NULL,'Windows 10','Firefox 43','58.247.101.22',NULL,NULL,NULL,NULL),(5432,NULL,'2016-07-21 13:41:54',NULL,'Windows 8.1','Chrome 45','180.169.33.113',NULL,NULL,NULL,NULL),(5433,NULL,'2016-07-21 13:42:03',NULL,'Windows 8.1','Chrome 45','180.169.33.113',NULL,NULL,NULL,NULL),(5434,NULL,'2016-07-21 13:42:17',NULL,'Windows 10','Chrome','117.114.129.217',NULL,NULL,NULL,NULL),(5435,NULL,'2016-07-21 13:44:23',NULL,'Windows 10','Internet Explorer 11','101.231.141.202',NULL,NULL,NULL,NULL),(5436,NULL,'2016-07-21 13:44:50',NULL,'Windows 7','Chrome','202.96.41.3',NULL,NULL,NULL,NULL),(5437,NULL,'2016-07-21 13:45:01',NULL,'Windows 7','Chrome','202.96.41.3',NULL,NULL,NULL,NULL),(5438,NULL,'2016-07-21 13:45:23',NULL,'Windows 8.1','Firefox','122.96.47.12',NULL,NULL,NULL,NULL),(5439,NULL,'2016-07-21 13:45:24',NULL,'Windows 10','Chrome 45','112.243.68.248',NULL,NULL,NULL,NULL),(5440,NULL,'2016-07-21 13:45:51',NULL,'Windows 8.1','Firefox','122.96.47.12',NULL,NULL,NULL,NULL),(5441,NULL,'2016-07-21 13:46:03',NULL,'Windows 8.1','Chrome 42','112.117.11.219',NULL,NULL,NULL,NULL),(5442,NULL,'2016-07-21 13:47:37',NULL,'Windows 10','Internet Explorer 11','101.231.141.202',NULL,NULL,NULL,NULL),(5443,NULL,'2016-07-21 13:48:13',NULL,'Windows 10','Internet Explorer 11','101.231.141.202',NULL,NULL,NULL,NULL),(5444,NULL,'2016-07-21 13:48:21',NULL,'Windows 10','Internet Explorer 11','101.231.141.202',NULL,NULL,NULL,NULL),(5445,NULL,'2016-07-21 13:48:22',NULL,'Windows 10','Internet Explorer 11','101.231.141.202',NULL,NULL,NULL,NULL),(5446,NULL,'2016-07-21 13:48:22',NULL,'Windows 10','Internet Explorer 11','101.231.141.202',NULL,NULL,NULL,NULL),(5447,NULL,'2016-07-21 13:48:23',NULL,'Windows 10','Internet Explorer 11','101.231.141.202',NULL,NULL,NULL,NULL),(5448,NULL,'2016-07-21 13:48:35',NULL,'Windows 10','Chrome 48','101.231.141.202',NULL,NULL,NULL,NULL),(5449,NULL,'2016-07-21 13:48:37',NULL,'Windows 10','Chrome','61.135.194.168',NULL,NULL,NULL,NULL),(5450,NULL,'2016-07-21 13:50:15',NULL,'Windows 10','Chrome','61.135.194.168',NULL,NULL,NULL,NULL),(5451,NULL,'2016-07-21 13:51:19',NULL,'Windows 10','Chrome 48','101.231.141.202',NULL,NULL,NULL,NULL),(5452,NULL,'2016-07-21 13:52:03',NULL,'Windows 7','Internet Explorer 11','39.168.8.150',NULL,NULL,NULL,NULL),(5453,NULL,'2016-07-21 13:53:17',NULL,'Windows 8.1','Firefox','122.96.47.12',NULL,NULL,NULL,NULL),(5454,NULL,'2016-07-21 13:53:35',NULL,'Windows 7','Chrome','223.104.177.141',NULL,NULL,NULL,NULL),(5455,NULL,'2016-07-21 13:58:07',NULL,'Windows 8.1','Chrome','203.100.84.109',NULL,NULL,NULL,NULL),(5456,NULL,'2016-07-21 14:07:45',NULL,'Windows 7','Chrome 47','121.229.212.124',NULL,NULL,NULL,NULL),(5457,NULL,'2016-07-21 14:09:18',NULL,'Windows 8.1','Chrome 45','14.106.240.71',NULL,NULL,NULL,NULL),(5458,NULL,'2016-07-21 14:12:08',NULL,'Windows 7','Chrome 45','123.85.178.60',NULL,NULL,NULL,NULL),(5459,NULL,'2016-07-21 14:12:21',NULL,'Windows 7','Chrome 45','123.85.178.60',NULL,NULL,NULL,NULL),(5460,NULL,'2016-07-21 14:12:23',NULL,'Windows 8.1','Chrome 45','14.106.240.71',NULL,NULL,NULL,NULL),(5461,NULL,'2016-07-21 14:20:28',NULL,'Windows 8.1','Internet Explorer 11','122.96.47.12',NULL,NULL,NULL,NULL),(5462,NULL,'2016-07-21 14:22:21',NULL,'Windows 7','Chrome 45','123.85.178.60',NULL,NULL,NULL,NULL),(5463,NULL,'2016-07-21 14:23:33',NULL,'Windows 7','Chrome','1.202.99.100',NULL,NULL,NULL,NULL),(5464,NULL,'2016-07-21 14:29:15',NULL,'Windows 7','Chrome 45','61.134.47.190',NULL,NULL,NULL,NULL),(5465,NULL,'2016-07-21 15:04:00',NULL,'Windows 7','Internet Explorer 9','111.76.97.118',NULL,NULL,NULL,NULL),(5466,NULL,'2016-07-21 15:14:11',NULL,'Windows 7','Chrome 45','123.85.178.60',NULL,NULL,NULL,NULL),(5467,NULL,'2016-07-21 15:14:24',NULL,'Windows 7','Chrome 45','123.85.178.60',NULL,NULL,NULL,NULL),(5468,NULL,'2016-07-21 15:26:41',NULL,'Windows 10','Microsoft Edge 13','123.126.109.220',NULL,NULL,NULL,NULL),(5469,NULL,'2016-07-21 15:32:18',NULL,'Windows 7','Chrome 45','123.85.178.60',NULL,NULL,NULL,NULL),(5470,NULL,'2016-07-21 15:38:07',NULL,'Windows 7','Chrome 45','123.85.178.60',NULL,NULL,NULL,NULL),(5471,NULL,'2016-07-21 15:38:10',NULL,'Android 6.x','Chrome Mobile','112.96.115.22',NULL,NULL,NULL,NULL),(5472,NULL,'2016-07-21 15:38:46',NULL,'Windows 7','Internet Explorer 8','58.213.52.234',NULL,NULL,NULL,NULL),(5473,NULL,'2016-07-21 15:38:57',NULL,'Windows 7','Internet Explorer 8','58.213.52.234',NULL,NULL,NULL,NULL),(5474,NULL,'2016-07-21 15:39:44',NULL,'Windows 7','Chrome','58.213.52.234',NULL,NULL,NULL,NULL),(5475,NULL,'2016-07-21 15:39:45',NULL,'Android 6.x','Chrome Mobile','112.96.115.22',NULL,NULL,NULL,NULL),(5476,NULL,'2016-07-21 15:47:42',NULL,'Windows 10','Microsoft Edge 13','123.126.109.220',NULL,NULL,NULL,NULL),(5477,NULL,'2016-07-21 15:53:02',NULL,'Windows 8.1','Internet Explorer 11','122.96.47.12',NULL,NULL,NULL,NULL),(5478,NULL,'2016-07-21 16:07:39',NULL,'Windows 7','Chrome','58.213.52.234',NULL,NULL,NULL,NULL),(5479,NULL,'2016-07-21 16:22:38',NULL,'Windows 10','Chrome','61.135.194.168',NULL,NULL,NULL,NULL),(5480,NULL,'2016-07-21 16:24:54',NULL,'Windows 10','Chrome','61.135.194.168',NULL,NULL,NULL,NULL),(5481,NULL,'2016-07-21 16:26:50',NULL,'Android 4.x','Chrome 37','117.136.15.53',NULL,NULL,NULL,NULL),(5482,NULL,'2016-07-21 16:27:11',NULL,'Windows 10','Microsoft Edge 13','123.126.109.220',NULL,NULL,NULL,NULL),(5483,NULL,'2016-07-21 16:42:06',NULL,'Windows 10','Chrome','61.135.194.168',NULL,NULL,NULL,NULL),(5484,NULL,'2016-07-21 16:43:34',NULL,'iOS 9 (iPhone)','Apple WebKit','61.158.148.106',NULL,NULL,NULL,NULL),(5485,NULL,'2016-07-21 16:43:36',NULL,'Windows 7','Chrome 49','114.242.234.214',NULL,NULL,NULL,NULL),(5486,NULL,'2016-07-21 16:44:11',NULL,'Windows 10','Chrome','61.135.194.168',NULL,NULL,NULL,NULL),(5487,NULL,'2016-07-21 16:45:39',NULL,'Windows 10','Chrome','61.135.194.168',NULL,NULL,NULL,NULL),(5488,NULL,'2016-07-21 16:48:17',NULL,'Windows 10','Chrome','61.135.194.168',NULL,NULL,NULL,NULL),(5489,NULL,'2016-07-21 16:48:21',NULL,'Windows 10','Chrome','123.114.45.131',NULL,NULL,NULL,NULL),(5490,NULL,'2016-07-21 16:51:39',NULL,'Windows 10','Microsoft Edge 13','123.126.109.220',NULL,NULL,NULL,NULL),(5491,NULL,'2016-07-21 16:51:45',NULL,'Windows 7','Chrome 45','112.82.77.46',NULL,NULL,NULL,NULL),(5492,NULL,'2016-07-21 16:52:03',NULL,'Windows 7','Chrome 45','210.12.225.129',NULL,NULL,NULL,NULL),(5493,NULL,'2016-07-21 16:52:07',NULL,'Windows 10','Chrome 45','116.228.236.82',NULL,NULL,NULL,NULL),(5494,NULL,'2016-07-21 16:52:11',NULL,'Windows 10','Chrome','124.133.208.163',NULL,NULL,NULL,NULL),(5495,NULL,'2016-07-21 16:52:14',NULL,'Windows 10','Chrome','124.133.208.163',NULL,NULL,NULL,NULL),(5496,NULL,'2016-07-21 16:52:14',NULL,'Windows 10','Chrome','124.133.208.163',NULL,NULL,NULL,NULL),(5497,NULL,'2016-07-21 16:52:14',NULL,'Windows 10','Chrome','124.133.208.163',NULL,NULL,NULL,NULL),(5498,NULL,'2016-07-21 16:52:14',NULL,'Windows 10','Chrome','124.133.208.163',NULL,NULL,NULL,NULL),(5499,NULL,'2016-07-21 16:52:15',NULL,'Windows 10','Chrome','124.133.208.163',NULL,NULL,NULL,NULL),(5500,NULL,'2016-07-21 16:52:16',NULL,'Windows 10','Chrome','124.133.208.163',NULL,NULL,NULL,NULL),(5501,NULL,'2016-07-21 16:52:16',NULL,'Windows 10','Chrome','124.133.208.163',NULL,NULL,NULL,NULL),(5502,NULL,'2016-07-21 16:52:17',NULL,'Windows 10','Chrome','124.133.208.163',NULL,NULL,NULL,NULL),(5503,NULL,'2016-07-21 16:52:18',NULL,'Windows 10','Chrome','124.133.208.163',NULL,NULL,NULL,NULL),(5504,NULL,'2016-07-21 16:52:18',NULL,'Windows 10','Chrome','124.133.208.163',NULL,NULL,NULL,NULL),(5505,NULL,'2016-07-21 16:52:19',NULL,'Windows 10','Chrome','124.133.208.163',NULL,NULL,NULL,NULL),(5506,NULL,'2016-07-21 16:52:20',NULL,'Windows 10','Chrome','124.133.208.163',NULL,NULL,NULL,NULL),(5507,NULL,'2016-07-21 16:52:21',NULL,'Windows 10','Chrome','124.133.208.163',NULL,NULL,NULL,NULL),(5508,NULL,'2016-07-21 16:52:21',NULL,'Windows 10','Chrome','124.133.208.163',NULL,NULL,NULL,NULL),(5509,NULL,'2016-07-21 16:52:22',NULL,'Windows 10','Chrome','124.133.208.163',NULL,NULL,NULL,NULL),(5510,NULL,'2016-07-21 16:52:23',NULL,'Windows 10','Chrome','124.133.208.163',NULL,NULL,NULL,NULL),(5511,NULL,'2016-07-21 16:52:24',NULL,'Windows 10','Chrome','124.133.208.163',NULL,NULL,NULL,NULL),(5512,NULL,'2016-07-21 16:52:26',NULL,'Windows 10','Chrome','124.133.208.163',NULL,NULL,NULL,NULL),(5513,NULL,'2016-07-21 16:52:27',NULL,'Windows 10','Chrome','124.133.208.163',NULL,NULL,NULL,NULL),(5514,NULL,'2016-07-21 16:52:28',NULL,'Windows 10','Chrome','124.133.208.163',NULL,NULL,NULL,NULL),(5515,NULL,'2016-07-21 16:52:29',NULL,'Windows 10','Chrome','124.133.208.163',NULL,NULL,NULL,NULL),(5516,NULL,'2016-07-21 16:52:29',NULL,'Windows 10','Chrome','124.133.208.163',NULL,NULL,NULL,NULL),(5517,NULL,'2016-07-21 16:52:29',NULL,'Windows 10','Chrome','124.133.208.163',NULL,NULL,NULL,NULL),(5518,NULL,'2016-07-21 16:52:30',NULL,'Windows 10','Chrome','124.133.208.163',NULL,NULL,NULL,NULL),(5519,NULL,'2016-07-21 16:52:30',NULL,'Windows 10','Chrome','124.133.208.163',NULL,NULL,NULL,NULL),(5520,NULL,'2016-07-21 16:53:01',NULL,'Windows 10','Chrome','124.133.208.163',NULL,NULL,NULL,NULL),(5521,NULL,'2016-07-21 16:53:02',NULL,'Windows 10','Chrome','124.133.208.163',NULL,NULL,NULL,NULL),(5522,NULL,'2016-07-21 16:53:22',NULL,'Windows 7','Chrome 38','58.56.76.210',NULL,NULL,NULL,NULL),(5523,NULL,'2016-07-21 16:53:31',NULL,'Windows 10','Chrome','124.133.208.163',NULL,NULL,NULL,NULL),(5524,NULL,'2016-07-21 16:59:17',NULL,'Windows 7','Chrome','183.128.160.114',NULL,NULL,NULL,NULL),(5525,NULL,'2016-07-21 16:59:19',NULL,'Windows 7','Chrome 31','106.120.29.121',NULL,NULL,NULL,NULL),(5526,NULL,'2016-07-21 16:59:40',NULL,'Windows 10','Chrome','101.229.233.40',NULL,NULL,NULL,NULL),(5527,NULL,'2016-07-21 16:59:43',NULL,'Windows 7','Chrome 37','218.17.253.194',NULL,NULL,NULL,NULL),(5528,NULL,'2016-07-21 16:59:51',NULL,'Windows 10','Chrome 45','61.158.17.95',NULL,NULL,NULL,NULL),(5529,NULL,'2016-07-21 16:59:54',NULL,'Windows 7','Chrome','116.216.5.11',NULL,NULL,NULL,NULL),(5530,NULL,'2016-07-21 17:00:00',NULL,'Windows XP','Internet Explorer 8','106.114.26.248',NULL,NULL,NULL,NULL),(5531,NULL,'2016-07-21 17:00:10',NULL,'Windows 7','Chrome 38','123.57.11.79',NULL,NULL,NULL,NULL),(5532,NULL,'2016-07-21 17:01:01',NULL,'Windows 10','Chrome','61.135.194.168',NULL,NULL,NULL,NULL),(5533,NULL,'2016-07-21 17:01:20',NULL,'Windows 7','Opera','210.56.193.18',NULL,NULL,NULL,NULL),(5534,NULL,'2016-07-21 17:02:07',NULL,'Windows 7','Chrome 38','115.53.116.33',NULL,NULL,NULL,NULL),(5535,NULL,'2016-07-21 17:02:21',NULL,'Windows 7','Chrome 45','114.80.124.198',NULL,NULL,NULL,NULL),(5536,NULL,'2016-07-21 17:04:44',NULL,'Windows 10','Microsoft Edge 13','219.140.154.76',NULL,NULL,NULL,NULL),(5537,NULL,'2016-07-21 17:08:09',NULL,'Windows 10','Internet Explorer 11','116.231.87.173',NULL,NULL,NULL,NULL),(5538,NULL,'2016-07-21 17:08:23',NULL,'Windows 10','Internet Explorer 11','116.231.87.173',NULL,NULL,NULL,NULL),(5539,NULL,'2016-07-21 17:08:54',NULL,'Windows 10','Chrome','61.135.194.168',NULL,NULL,NULL,NULL),(5540,NULL,'2016-07-21 17:10:09',NULL,'Windows 10','Firefox','218.249.50.83',NULL,NULL,NULL,NULL),(5541,NULL,'2016-07-21 17:10:14',NULL,'Windows 10','Chrome 49','116.231.236.221',NULL,NULL,NULL,NULL),(5542,NULL,'2016-07-21 17:11:08',NULL,'Windows 10','Firefox','218.249.50.83',NULL,NULL,NULL,NULL),(5543,NULL,'2016-07-21 17:11:09',NULL,'Windows 7','Chrome','220.160.125.218',NULL,NULL,NULL,NULL),(5544,NULL,'2016-07-21 17:11:14',NULL,'iOS 9 (iPhone)','Apple WebKit','223.104.5.236',NULL,NULL,NULL,NULL),(5545,NULL,'2016-07-21 17:11:24',NULL,'Windows 7','Chrome','220.160.125.218',NULL,NULL,NULL,NULL),(5546,NULL,'2016-07-21 17:11:36',NULL,'Windows 10','Chrome','61.135.194.168',NULL,NULL,NULL,NULL),(5547,NULL,'2016-07-21 17:12:46',NULL,'Windows 7','Firefox','222.168.20.34',NULL,NULL,NULL,NULL),(5548,NULL,'2016-07-21 17:13:40',NULL,'Windows 7','Chrome','220.160.125.218',NULL,NULL,NULL,NULL),(5549,NULL,'2016-07-21 17:13:43',NULL,'Windows 7','Chrome 38','106.38.227.170',NULL,NULL,NULL,NULL),(5550,NULL,'2016-07-21 17:13:46',NULL,'Windows 7','Chrome','220.160.125.218',NULL,NULL,NULL,NULL),(5551,NULL,'2016-07-21 17:13:47',NULL,'Windows 7','Chrome','220.160.125.218',NULL,NULL,NULL,NULL),(5552,NULL,'2016-07-21 17:13:49',NULL,'Windows 7','Chrome','220.160.125.218',NULL,NULL,NULL,NULL),(5553,NULL,'2016-07-21 17:14:35',NULL,'Windows 7','Chrome 45','36.110.59.42',NULL,NULL,NULL,NULL),(5554,NULL,'2016-07-21 17:14:54',NULL,'Windows 10','Chrome 45','111.113.70.26',NULL,NULL,NULL,NULL),(5555,NULL,'2016-07-21 17:15:05',NULL,'Windows 10','Chrome 45','111.113.70.26',NULL,NULL,NULL,NULL),(5556,NULL,'2016-07-21 17:15:17',NULL,'Windows 7','Chrome 45','118.144.130.74',NULL,NULL,NULL,NULL),(5557,NULL,'2016-07-21 17:18:53',NULL,'Windows 7','Chrome 38','106.38.227.170',NULL,NULL,NULL,NULL),(5558,NULL,'2016-07-21 17:18:54',NULL,'Windows 7','Chrome 38','106.38.227.170',NULL,NULL,NULL,NULL),(5559,NULL,'2016-07-21 17:18:54',NULL,'Windows 7','Chrome 38','106.38.227.170',NULL,NULL,NULL,NULL),(5560,NULL,'2016-07-21 17:18:55',NULL,'Windows 7','Chrome 38','106.38.227.170',NULL,NULL,NULL,NULL),(5561,NULL,'2016-07-21 17:21:20',NULL,'Windows 7','Firefox','101.254.182.62',NULL,NULL,NULL,NULL),(5562,NULL,'2016-07-21 17:23:15',NULL,'Windows 7','Chrome 38','106.38.227.170',NULL,NULL,NULL,NULL),(5563,NULL,'2016-07-21 17:36:21',NULL,'Windows 7','Chrome 38','221.3.238.27',NULL,NULL,NULL,NULL),(5564,NULL,'2016-07-21 17:43:48',NULL,'Windows 10','Chrome','61.135.194.168',NULL,NULL,NULL,NULL),(5565,NULL,'2016-07-21 17:50:29',NULL,'Windows 7','Chrome 45','222.68.177.138',NULL,NULL,NULL,NULL),(5566,NULL,'2016-07-21 17:52:06',NULL,'Windows 10','Chrome','61.135.194.168',NULL,NULL,NULL,NULL),(5567,NULL,'2016-07-21 17:53:37',NULL,'Windows 8.1','Chrome 47','114.243.161.31',NULL,NULL,NULL,NULL),(5568,NULL,'2016-07-21 17:57:14',NULL,'Windows 7','Chrome 45','222.68.177.138',NULL,NULL,NULL,NULL),(5569,NULL,'2016-07-21 18:05:43',NULL,'Windows 10','Chrome','61.135.194.168',NULL,NULL,NULL,NULL),(5570,NULL,'2016-07-21 18:08:38',NULL,'Windows 10','Chrome','61.135.194.168',NULL,NULL,NULL,NULL),(5571,NULL,'2016-07-21 18:08:43',NULL,'Windows 10','Chrome','61.135.194.168',NULL,NULL,NULL,NULL),(5572,NULL,'2016-07-21 18:09:42',NULL,'Windows 10','Chrome','61.135.194.168',NULL,NULL,NULL,NULL),(5573,NULL,'2016-07-21 18:13:55',NULL,'Windows 7','Chrome 47','59.42.129.93',NULL,NULL,NULL,NULL),(5574,NULL,'2016-07-21 20:46:13',NULL,'Windows 10','Chrome','61.135.194.168',NULL,NULL,NULL,NULL),(5575,NULL,'2016-07-21 20:46:21',NULL,'Windows 10','Chrome','61.135.194.168',NULL,NULL,NULL,NULL),(5576,NULL,'2016-07-21 20:46:55',NULL,'Windows 10','Chrome 38','39.167.193.140',NULL,NULL,NULL,NULL),(5577,NULL,'2016-07-21 20:46:55',NULL,'Windows 7','Firefox','112.81.187.222',NULL,NULL,NULL,NULL),(5578,NULL,'2016-07-21 20:47:03',NULL,'Windows 10','Chrome 47','101.93.38.82',NULL,NULL,NULL,NULL),(5579,NULL,'2016-07-21 20:47:15',NULL,'Windows 10','Chrome','221.219.108.249',NULL,NULL,NULL,NULL),(5580,NULL,'2016-07-21 20:52:05',NULL,'Windows 7','Chrome','14.124.111.184',NULL,NULL,NULL,NULL),(5581,NULL,'2016-07-21 20:52:22',NULL,'Windows 7','Chrome','14.124.111.184',NULL,NULL,NULL,NULL),(5582,NULL,'2016-07-21 20:54:12',NULL,'Windows 7','Firefox','112.81.187.222',NULL,NULL,NULL,NULL),(5583,NULL,'2016-07-21 20:55:03',NULL,'Android 5.x','Chrome 37','60.12.65.34',NULL,NULL,NULL,NULL),(5584,NULL,'2016-07-21 20:55:37',NULL,'Android 5.x','Chrome 37','60.12.65.34',NULL,NULL,NULL,NULL),(5585,NULL,'2016-07-21 20:57:23',NULL,'Windows 7','Chrome 45','124.65.96.198',NULL,NULL,NULL,NULL),(5586,NULL,'2016-07-21 20:57:37',NULL,'Windows 7','Chrome 45','124.65.96.198',NULL,NULL,NULL,NULL),(5587,NULL,'2016-07-21 21:02:20',NULL,'Windows 10','Chrome 44','61.135.194.168',NULL,NULL,NULL,NULL),(5588,NULL,'2016-07-21 21:10:03',NULL,'Windows 8.1','Internet Explorer 11','222.130.165.141',NULL,NULL,NULL,NULL),(5589,NULL,'2016-07-21 21:19:02',NULL,'Windows 10','Chrome','60.195.40.118',NULL,NULL,NULL,NULL),(5590,NULL,'2016-07-22 09:42:07',NULL,'Windows 7','Chrome 45','106.39.222.34',NULL,NULL,NULL,NULL),(5591,NULL,'2016-07-22 12:47:09',NULL,'Windows 7','Chrome 42','61.232.11.180',NULL,NULL,NULL,NULL),(5592,NULL,'2016-07-22 13:24:22',NULL,'Windows 7','Firefox','116.25.149.215',NULL,NULL,NULL,NULL),(5593,NULL,'2016-07-22 13:25:55',NULL,'Windows 7','Firefox','116.25.149.215',NULL,NULL,NULL,NULL),(5594,NULL,'2016-07-22 13:28:30',NULL,'Windows 7','Chrome 45','111.207.148.130',NULL,NULL,NULL,NULL),(5595,NULL,'2016-07-22 13:42:14',NULL,'Windows 7','Firefox','116.25.149.215',NULL,NULL,NULL,NULL),(5596,NULL,'2016-07-22 13:42:17',NULL,'Windows 7','Firefox','116.25.149.215',NULL,NULL,NULL,NULL),(5597,NULL,'2016-07-22 13:44:20',NULL,'Windows 7','Chrome 45','111.207.148.130',NULL,NULL,NULL,NULL),(5598,NULL,'2016-07-22 13:56:39',NULL,'Windows 7','Firefox','116.25.149.215',NULL,NULL,NULL,NULL),(5599,NULL,'2016-07-22 14:25:31',NULL,'Windows 7','Chrome 31','114.240.61.253',NULL,NULL,NULL,NULL),(5600,NULL,'2016-07-22 14:25:33',NULL,'Android 4.x','Mobile Safari','101.226.33.225',NULL,NULL,NULL,NULL),(5601,NULL,'2016-07-22 14:25:40',NULL,'Windows XP','Chrome 45','180.153.206.20',NULL,NULL,NULL,NULL),(5602,NULL,'2016-07-22 14:51:17',NULL,'Windows 10','Firefox','118.242.19.30',NULL,NULL,NULL,NULL),(5603,NULL,'2016-07-22 17:42:15',NULL,'Windows 7','Chrome 45','14.215.56.38',NULL,NULL,NULL,NULL),(5604,NULL,'2016-07-22 23:01:35',NULL,'Windows 10','Chrome','182.148.58.233',NULL,NULL,NULL,NULL),(5605,NULL,'2016-07-22 23:01:49',NULL,'Windows 10','Chrome','182.148.58.233',NULL,NULL,NULL,NULL),(5606,NULL,'2016-07-22 23:48:30',NULL,'Windows 10','Chrome 47','114.111.166.87',NULL,NULL,NULL,NULL),(5607,NULL,'2016-07-23 13:50:24',NULL,'Windows 7','Chrome 47','223.72.91.239',NULL,NULL,NULL,NULL),(5608,NULL,'2016-07-24 15:30:21',NULL,'Windows 10','Microsoft Edge 13','116.233.227.0',NULL,NULL,NULL,NULL),(5609,NULL,'2016-07-25 13:36:37',NULL,'Windows 10','Chrome','120.52.24.25',NULL,NULL,NULL,NULL),(5610,NULL,'2016-07-25 13:37:32',NULL,'Windows 7','Chrome','58.40.17.85',NULL,NULL,NULL,NULL),(5611,NULL,'2016-07-25 13:37:46',NULL,'Windows 10','Chrome','113.128.58.232',NULL,NULL,NULL,NULL),(5612,NULL,'2016-07-25 13:38:45',NULL,'Windows 10','Chrome','113.128.58.232',NULL,NULL,NULL,NULL),(5613,NULL,'2016-07-25 13:39:47',NULL,'Mac OS X','Safari 9','114.249.208.253',NULL,NULL,NULL,NULL),(5614,NULL,'2016-07-25 13:39:50',NULL,'Mac OS X','Safari 9','114.249.208.253',NULL,NULL,NULL,NULL),(5615,NULL,'2016-07-25 13:40:35',NULL,'Windows 7','Chrome 45','202.96.41.3',NULL,NULL,NULL,NULL),(5616,NULL,'2016-07-25 13:40:37',NULL,'Windows 7','Chrome','14.124.105.160',NULL,NULL,NULL,NULL),(5617,NULL,'2016-07-25 13:41:01',NULL,'Windows 10','Chrome 38','219.137.137.117',NULL,NULL,NULL,NULL),(5618,NULL,'2016-07-25 13:41:14',NULL,'Windows 7','Chrome','14.124.105.160',NULL,NULL,NULL,NULL),(5619,NULL,'2016-07-25 13:41:55',NULL,'iOS 9 (iPhone)','Apple WebKit','112.123.252.120',NULL,NULL,NULL,NULL),(5620,NULL,'2016-07-25 13:43:54',NULL,'Windows 7','Chrome','101.81.122.226',NULL,NULL,NULL,NULL),(5621,NULL,'2016-07-25 13:44:04',NULL,'Windows 10','Chrome','36.110.49.90',NULL,NULL,NULL,NULL),(5622,NULL,'2016-07-25 13:45:22',NULL,'Windows 7','Chrome','101.81.122.226',NULL,NULL,NULL,NULL),(5623,NULL,'2016-07-25 13:47:53',NULL,'Android 4.x','Chrome 37','1.81.64.6',NULL,NULL,NULL,NULL),(5624,NULL,'2016-07-25 13:49:17',NULL,'Windows 7','Internet Explorer 11','60.208.20.226',NULL,NULL,NULL,NULL),(5625,NULL,'2016-07-25 13:50:52',NULL,'iOS 9 (iPhone)','Mobile Safari','14.124.105.160',NULL,NULL,NULL,NULL),(5626,NULL,'2016-07-25 14:01:34',NULL,'Windows 10','Chrome','113.128.58.232',NULL,NULL,NULL,NULL),(5627,NULL,'2016-07-25 14:21:08',NULL,'Windows 10','Chrome 49','116.228.89.242',NULL,NULL,NULL,NULL),(5628,NULL,'2016-07-25 14:21:09',NULL,'Android 5.x','Chrome 37','123.138.115.40',NULL,NULL,NULL,NULL),(5629,NULL,'2016-07-25 14:21:15',NULL,'Windows XP','Chrome 45','101.226.89.123',NULL,NULL,NULL,NULL),(5630,NULL,'2016-07-25 14:21:16',NULL,'Windows 7','Chrome 47','113.109.215.21',NULL,NULL,NULL,NULL),(5631,NULL,'2016-07-25 14:22:59',NULL,'Windows 7','Chrome 45','223.223.199.150',NULL,NULL,NULL,NULL),(5632,NULL,'2016-07-25 14:22:59',NULL,'Windows 7','Chrome','101.254.182.34',NULL,NULL,NULL,NULL),(5633,NULL,'2016-07-25 14:23:13',NULL,'Windows 7','Internet Explorer 10','124.127.78.85',NULL,NULL,NULL,NULL),(5634,NULL,'2016-07-25 14:23:50',NULL,'Windows 7','Chrome 47','106.2.179.90',NULL,NULL,NULL,NULL),(5635,NULL,'2016-07-25 14:24:01',NULL,'Windows 8.1','Internet Explorer 11','171.11.1.108',NULL,NULL,NULL,NULL),(5636,NULL,'2016-07-25 14:24:24',NULL,'Windows 8.1','Internet Explorer 11','171.11.1.108',NULL,NULL,NULL,NULL),(5637,NULL,'2016-07-25 14:25:40',NULL,'Windows 7','Internet Explorer 9','1.119.6.38',NULL,NULL,NULL,NULL),(5638,NULL,'2016-07-25 14:26:43',NULL,'Windows 10','Chrome 49','61.242.59.171',NULL,NULL,NULL,NULL),(5639,NULL,'2016-07-25 14:26:56',NULL,'Windows 7','Chrome','222.128.181.219',NULL,NULL,NULL,NULL),(5640,NULL,'2016-07-25 14:28:26',NULL,'Windows 8.1','Firefox','124.127.125.93',NULL,NULL,NULL,NULL),(5641,NULL,'2016-07-25 14:29:27',NULL,'Windows 10','Microsoft Edge 13','112.96.173.118',NULL,NULL,NULL,NULL),(5642,NULL,'2016-07-25 14:29:40',NULL,'Windows 10','Microsoft Edge 13','112.96.173.118',NULL,NULL,NULL,NULL),(5643,NULL,'2016-07-25 14:33:38',NULL,'Windows 10','Microsoft Edge 13','123.126.109.220',NULL,NULL,NULL,NULL),(5644,NULL,'2016-07-25 14:35:25',NULL,'Android 5.x','Chrome 37','10.113.151.55',NULL,NULL,NULL,NULL),(5645,NULL,'2016-07-25 14:41:25',NULL,'Mac OS X','Chrome','223.72.236.67',NULL,NULL,NULL,NULL),(5646,NULL,'2016-07-25 14:54:36',NULL,'Android 5.x','Chrome Mobile','211.97.129.213',NULL,NULL,NULL,NULL),(5647,NULL,'2016-07-25 15:08:33',NULL,'iOS 9 (iPhone)','Apple WebKit','121.231.143.45',NULL,NULL,NULL,NULL),(5648,NULL,'2016-07-25 15:11:56',NULL,'Windows 10','Microsoft Edge 13','124.205.39.138',NULL,NULL,NULL,NULL),(5649,NULL,'2016-07-25 15:14:07',NULL,'Windows 10','Firefox','124.205.39.138',NULL,NULL,NULL,NULL),(5650,NULL,'2016-07-25 15:31:22',NULL,'Windows 10','Chrome','218.88.124.226',NULL,NULL,NULL,NULL),(5651,NULL,'2016-07-25 16:03:24',NULL,'Windows 10','Chrome','218.88.124.226',NULL,NULL,NULL,NULL),(5652,NULL,'2016-07-25 16:11:51',NULL,'Android 4.x','Chrome 37','60.28.18.208',NULL,NULL,NULL,NULL),(5653,NULL,'2016-07-25 16:25:39',NULL,'Windows 7','Firefox','58.67.148.225',NULL,NULL,NULL,NULL),(5654,NULL,'2016-07-25 16:48:16',NULL,'Android 4.x','Chrome 37','42.81.35.170',NULL,NULL,NULL,NULL),(5655,NULL,'2016-07-25 17:07:43',NULL,'Android 6.x','Chrome 37','223.104.3.131',NULL,NULL,NULL,NULL),(5656,NULL,'2016-07-25 17:11:53',NULL,'Windows 7','Chrome 45','114.111.167.231',NULL,NULL,NULL,NULL),(5657,NULL,'2016-07-25 17:26:20',NULL,'Windows 10','Microsoft Edge 13','58.56.183.70',NULL,NULL,NULL,NULL),(5658,NULL,'2016-07-25 17:29:39',NULL,'Windows 10','Microsoft Edge 13','58.56.183.70',NULL,NULL,NULL,NULL),(5659,NULL,'2016-07-25 17:29:41',NULL,'Windows 10','Microsoft Edge 13','58.56.183.70',NULL,NULL,NULL,NULL),(5660,NULL,'2016-07-25 17:32:03',NULL,'Windows 10','Chrome','120.52.24.25',NULL,NULL,NULL,NULL),(5661,NULL,'2016-07-25 17:32:05',NULL,'Mac OS X','Safari 9','114.249.208.253',NULL,NULL,NULL,NULL),(5662,NULL,'2016-07-25 17:47:05',NULL,'Windows 10','Chrome','123.139.24.58',NULL,NULL,NULL,NULL),(5663,NULL,'2016-07-25 17:51:46',NULL,'Windows 7','Chrome 45','114.111.167.231',NULL,NULL,NULL,NULL),(5664,NULL,'2016-07-25 17:51:55',NULL,'Windows 7','Chrome','111.50.79.4',NULL,NULL,NULL,NULL),(5665,NULL,'2016-07-25 17:51:57',NULL,'Windows 7','Chrome 45','114.111.167.231',NULL,NULL,NULL,NULL),(5666,NULL,'2016-07-25 17:56:24',NULL,'Windows 10','Chrome','120.52.24.25',NULL,NULL,NULL,NULL),(5667,NULL,'2016-07-25 17:56:37',NULL,'Windows 10','Chrome','120.52.24.25',NULL,NULL,NULL,NULL),(5668,NULL,'2016-07-25 17:59:54',NULL,'Windows 10','Chrome','120.52.24.25',NULL,NULL,NULL,NULL),(5669,NULL,'2016-07-25 18:02:23',NULL,'Windows 7','Chrome 45','112.80.55.150',NULL,NULL,NULL,NULL),(5670,NULL,'2016-07-25 18:02:24',NULL,'Windows 7','Chrome 45','114.111.167.231',NULL,NULL,NULL,NULL),(5671,NULL,'2016-07-25 18:03:40',NULL,'Windows 7','Chrome 45','210.32.120.108',NULL,NULL,NULL,NULL),(5672,NULL,'2016-07-25 18:23:54',NULL,'Windows 7','Chrome','116.231.224.17',NULL,NULL,NULL,NULL),(5673,NULL,'2016-07-25 21:13:04',NULL,'Windows 7','Chrome','111.50.79.4',NULL,NULL,NULL,NULL),(5674,NULL,'2016-07-26 09:15:47',NULL,'Android 5.x','Chrome 37','124.205.63.13',NULL,NULL,NULL,NULL),(5675,NULL,'2016-07-26 09:16:59',NULL,'Android 5.x','Chrome 37','124.205.63.13',NULL,NULL,NULL,NULL),(5676,NULL,'2016-07-26 09:17:12',NULL,'Android 5.x','Chrome 37','124.205.63.13',NULL,NULL,NULL,NULL),(5677,NULL,'2016-07-26 09:45:55',NULL,'Windows XP','Chrome 45','114.253.242.248',NULL,NULL,NULL,NULL),(5678,NULL,'2016-07-26 10:29:39',NULL,'Windows 8.1','Chrome','180.169.33.113',NULL,NULL,NULL,NULL),(5679,NULL,'2016-07-26 10:29:50',NULL,'Windows 8.1','Chrome','180.169.33.113',NULL,NULL,NULL,NULL),(5680,NULL,'2016-07-26 10:49:38',NULL,'Windows 7','Chrome','14.124.111.140',NULL,NULL,NULL,NULL),(5681,NULL,'2016-07-26 10:49:47',NULL,'Windows 7','Chrome','14.124.111.140',NULL,NULL,NULL,NULL),(5682,NULL,'2016-07-26 10:56:48',NULL,'Windows 7','Chrome 45','123.85.178.60',NULL,NULL,NULL,NULL),(5683,NULL,'2016-07-26 10:56:58',NULL,'Windows 7','Chrome 45','123.85.178.60',NULL,NULL,NULL,NULL),(5684,NULL,'2016-07-26 11:11:45',NULL,'Windows 10','Microsoft Edge 13','124.65.147.178',NULL,NULL,NULL,NULL),(5685,NULL,'2016-07-26 11:26:23',NULL,'Windows 10','Chrome 45','218.5.70.170',NULL,NULL,NULL,NULL),(5686,NULL,'2016-07-26 11:26:33',NULL,'Windows 10','Chrome 45','120.41.127.245',NULL,NULL,NULL,NULL),(5687,NULL,'2016-07-26 11:30:48',NULL,'Windows 10','Chrome 45','182.87.125.172',NULL,NULL,NULL,NULL),(5688,NULL,'2016-07-26 11:32:00',NULL,'Windows 10','Chrome 47','120.41.127.245',NULL,NULL,NULL,NULL),(5689,NULL,'2016-07-26 11:32:04',NULL,'Windows 10','Chrome','218.5.70.170',NULL,NULL,NULL,NULL),(5690,NULL,'2016-07-26 11:44:13',NULL,'Windows 7','Chrome 45','58.218.250.42',NULL,NULL,NULL,NULL),(5691,NULL,'2016-07-26 11:44:33',NULL,'Windows 7','Chrome 45','58.218.250.42',NULL,NULL,NULL,NULL),(5692,NULL,'2016-07-26 11:44:47',NULL,'Windows 7','Chrome 45','58.218.250.42',NULL,NULL,NULL,NULL),(5693,NULL,'2016-07-26 11:46:36',NULL,'Windows 10','Microsoft Edge 13','124.65.147.178',NULL,NULL,NULL,NULL),(5694,NULL,'2016-07-26 11:46:46',NULL,'Windows 10','Microsoft Edge 13','124.65.147.178',NULL,NULL,NULL,NULL),(5695,NULL,'2016-07-26 12:26:56',NULL,'Windows 10','Microsoft Edge 13','124.205.39.138',NULL,NULL,NULL,NULL),(5696,NULL,'2016-07-26 15:37:45',NULL,'Windows 7','Chrome 45','123.85.178.60',NULL,NULL,NULL,NULL),(5697,NULL,'2016-07-26 15:37:51',NULL,'Windows 7','Chrome 45','123.85.178.60',NULL,NULL,NULL,NULL),(5698,NULL,'2016-07-26 17:00:22',NULL,'Windows 7','Chrome 47','106.2.179.90',NULL,NULL,NULL,NULL),(5699,NULL,'2016-07-26 17:59:35',NULL,'Windows 7','Chrome','101.254.166.184',NULL,NULL,NULL,NULL),(5700,NULL,'2016-07-26 18:06:53',NULL,'Windows 10','Chrome','116.231.38.126',NULL,NULL,NULL,NULL),(5701,NULL,'2016-07-26 19:47:05',NULL,'Windows 10','Chrome 38','14.124.111.140',NULL,NULL,NULL,NULL),(5702,NULL,'2016-07-26 19:47:31',NULL,'Windows 10','Chrome 38','14.124.111.140',NULL,NULL,NULL,NULL),(5703,NULL,'2016-07-26 19:52:03',NULL,'Windows 10','Chrome 38','14.124.111.140',NULL,NULL,NULL,NULL),(5704,NULL,'2016-07-26 19:56:25',NULL,'Windows 7','Chrome','14.124.111.140',NULL,NULL,NULL,NULL),(5705,NULL,'2016-07-26 19:56:33',NULL,'Windows 7','Chrome','14.124.111.140',NULL,NULL,NULL,NULL),(5706,NULL,'2016-07-26 21:11:29',NULL,'Windows 10','Chrome 47','101.93.42.120',NULL,NULL,NULL,NULL),(5707,NULL,'2016-07-27 09:17:32',NULL,'Windows 7','Chrome 45','123.85.178.60',NULL,NULL,NULL,NULL),(5708,NULL,'2016-07-27 09:17:41',NULL,'Windows 7','Chrome 45','123.85.178.60',NULL,NULL,NULL,NULL),(5709,NULL,'2016-07-27 09:31:43',NULL,'Windows 7','Chrome 45','123.85.178.60',NULL,NULL,NULL,NULL),(5710,NULL,'2016-07-27 09:31:57',NULL,'Windows 7','Chrome 45','123.85.178.60',NULL,NULL,NULL,NULL),(5711,NULL,'2016-07-27 09:42:50',NULL,'Windows 10','Chrome','120.52.24.25',NULL,NULL,NULL,NULL),(5712,NULL,'2016-07-27 09:46:22',NULL,'Windows 10','Firefox','118.26.73.2',NULL,NULL,NULL,NULL),(5713,NULL,'2016-07-27 09:46:29',NULL,'Windows 7','Chrome 47','106.2.179.90',NULL,NULL,NULL,NULL),(5714,NULL,'2016-07-27 09:48:02',NULL,'Windows 10','Firefox','118.26.73.2',NULL,NULL,NULL,NULL),(5715,NULL,'2016-07-27 10:02:44',NULL,'Android 6.x','Chrome 37','42.248.34.153',NULL,NULL,NULL,NULL),(5716,NULL,'2016-07-27 10:03:40',NULL,'Android 6.x','Chrome 37','42.248.34.153',NULL,NULL,NULL,NULL),(5717,NULL,'2016-07-27 10:04:07',NULL,'Android 6.x','Chrome 37','42.248.34.153',NULL,NULL,NULL,NULL),(5718,NULL,'2016-07-27 10:06:20',NULL,'Windows 10','Chrome','218.88.127.222',NULL,NULL,NULL,NULL),(5719,NULL,'2016-07-27 10:06:35',NULL,'Android 4.x','Chrome 37','223.104.3.199',NULL,NULL,NULL,NULL),(5720,NULL,'2016-07-27 10:07:30',NULL,'Windows 7','Chrome','202.96.41.3',NULL,NULL,NULL,NULL),(5721,NULL,'2016-07-27 10:07:51',NULL,'Windows 7','Chrome','202.96.41.3',NULL,NULL,NULL,NULL),(5722,NULL,'2016-07-27 10:10:25',NULL,'Windows 7','Chrome 45','14.215.56.38',NULL,NULL,NULL,NULL),(5723,NULL,'2016-07-27 10:10:44',NULL,'Windows 7','Chrome 45','14.215.56.38',NULL,NULL,NULL,NULL),(5724,NULL,'2016-07-27 10:10:45',NULL,'Windows 7','Chrome 45','202.96.41.3',NULL,NULL,NULL,NULL),(5725,NULL,'2016-07-27 10:12:45',NULL,'Windows 7','Chrome','183.160.223.13',NULL,NULL,NULL,NULL),(5726,NULL,'2016-07-27 10:12:59',NULL,'Windows 7','Chrome','183.160.223.13',NULL,NULL,NULL,NULL),(5727,NULL,'2016-07-27 10:13:08',NULL,'Windows 7','Chrome 45','202.96.41.3',NULL,NULL,NULL,NULL),(5728,NULL,'2016-07-27 10:13:58',NULL,'Windows 7','Chrome','183.160.223.13',NULL,NULL,NULL,NULL),(5729,NULL,'2016-07-27 10:14:01',NULL,'Windows 7','Chrome','183.160.223.13',NULL,NULL,NULL,NULL),(5730,NULL,'2016-07-27 10:16:00',NULL,'iOS 9 (iPhone)','Apple WebKit','139.213.164.144',NULL,NULL,NULL,NULL),(5731,NULL,'2016-07-27 10:16:15',NULL,'Windows 10','Firefox','202.96.41.12',NULL,NULL,NULL,NULL),(5732,NULL,'2016-07-27 10:18:04',NULL,'Windows 7','Chrome','183.156.114.99',NULL,NULL,NULL,NULL),(5733,NULL,'2016-07-27 10:18:15',NULL,'Windows 7','Chrome','183.156.114.99',NULL,NULL,NULL,NULL),(5734,NULL,'2016-07-27 10:20:29',NULL,'Windows 10','Firefox','183.217.21.33',NULL,NULL,NULL,NULL),(5735,NULL,'2016-07-27 10:20:38',NULL,'Windows 7','Chrome 49','223.71.183.66',NULL,NULL,NULL,NULL),(5736,NULL,'2016-07-27 10:21:17',NULL,'Windows 7','Chrome 47','183.156.114.99',NULL,NULL,NULL,NULL),(5737,NULL,'2016-07-27 11:36:00',NULL,'Windows 10','Chrome','120.52.24.25',NULL,NULL,NULL,NULL),(5738,NULL,'2016-07-27 11:38:05',NULL,'Windows 7','Chrome','113.208.136.18',NULL,NULL,NULL,NULL),(5739,NULL,'2016-07-27 11:38:06',NULL,'Windows 7','Chrome 45','123.85.178.60',NULL,NULL,NULL,NULL),(5740,NULL,'2016-07-27 11:41:28',NULL,'Windows 7','Chrome 45','123.85.178.60',NULL,NULL,NULL,NULL),(5741,NULL,'2016-07-27 11:45:31',NULL,'Windows XP','Chrome 38','115.198.138.52',NULL,NULL,NULL,NULL),(5742,NULL,'2016-07-27 12:15:36',NULL,'Android 5.x','Chrome 37','117.114.129.202',NULL,NULL,NULL,NULL),(5743,NULL,'2016-07-27 12:36:04',NULL,'Windows 7','Internet Explorer 11','121.79.130.137',NULL,NULL,NULL,NULL),(5744,NULL,'2016-07-27 12:36:35',NULL,'Windows 7','Internet Explorer 11','121.79.130.137',NULL,NULL,NULL,NULL),(5745,NULL,'2016-07-27 12:36:43',NULL,'Windows 7','Internet Explorer 11','121.79.130.137',NULL,NULL,NULL,NULL),(5746,NULL,'2016-07-27 12:48:42',NULL,'Windows 7','Chrome 45','123.85.178.60',NULL,NULL,NULL,NULL),(5747,NULL,'2016-07-27 12:48:48',NULL,'Windows 7','Chrome 45','123.85.178.60',NULL,NULL,NULL,NULL),(5748,NULL,'2016-07-27 13:45:33',NULL,'Windows 10','Chrome','120.52.24.25',NULL,NULL,NULL,NULL),(5749,NULL,'2016-07-27 13:47:24',NULL,'Windows 10','Chrome','120.52.24.25',NULL,NULL,NULL,NULL),(5750,NULL,'2016-07-27 14:09:38',NULL,'Windows 10','Chrome 45','116.228.236.86',NULL,NULL,NULL,NULL),(5751,NULL,'2016-07-27 14:09:54',NULL,'Windows 7','Chrome 45','124.238.116.10',NULL,NULL,NULL,NULL),(5752,NULL,'2016-07-27 14:09:58',NULL,'Windows 10','Chrome 45','183.15.252.4',NULL,NULL,NULL,NULL),(5753,NULL,'2016-07-27 14:10:49',NULL,'Windows 7','Chrome 45','223.81.193.151',NULL,NULL,NULL,NULL),(5754,NULL,'2016-07-27 14:11:01',NULL,'Windows 7','Chrome 45','124.228.217.213',NULL,NULL,NULL,NULL),(5755,NULL,'2016-07-27 14:12:04',NULL,'Windows 7','Chrome','14.124.108.181',NULL,NULL,NULL,NULL),(5756,NULL,'2016-07-27 14:12:36',NULL,'Windows 10','Chrome','183.15.252.4',NULL,NULL,NULL,NULL),(5757,NULL,'2016-07-27 14:14:01',NULL,'Windows 10','Chrome','183.15.252.4',NULL,NULL,NULL,NULL),(5758,NULL,'2016-07-27 14:14:47',NULL,'Windows 10','Firefox','117.149.14.100',NULL,NULL,NULL,NULL),(5759,NULL,'2016-07-27 14:16:52',NULL,'Windows 10','Chrome 45','183.15.252.4',NULL,NULL,NULL,NULL),(5760,NULL,'2016-07-27 14:20:37',NULL,'Windows 10','Firefox','117.149.14.100',NULL,NULL,NULL,NULL),(5761,NULL,'2016-07-27 14:20:47',NULL,'Windows 10','Firefox','117.149.14.100',NULL,NULL,NULL,NULL),(5762,NULL,'2016-07-27 14:21:20',NULL,'Windows 7','Chrome','14.124.108.181',NULL,NULL,NULL,NULL),(5763,NULL,'2016-07-27 14:22:29',NULL,'Windows 7','Chrome 45','202.85.220.38',NULL,NULL,NULL,NULL),(5764,NULL,'2016-07-27 14:37:22',NULL,'Windows 7','Chrome 45','220.160.125.218',NULL,NULL,NULL,NULL),(5765,NULL,'2016-07-27 14:40:24',NULL,'Windows 8.1','Chrome 38','61.51.95.246',NULL,NULL,NULL,NULL),(5766,NULL,'2016-07-27 14:45:43',NULL,'Windows 8.1','Chrome 45','180.169.33.113',NULL,NULL,NULL,NULL),(5767,NULL,'2016-07-27 15:02:44',NULL,'Windows 10','Firefox','117.114.133.10',NULL,NULL,NULL,NULL),(5768,NULL,'2016-07-27 15:18:38',NULL,'Windows 10','Chrome 45','218.89.109.226',NULL,NULL,NULL,NULL),(5769,NULL,'2016-07-27 15:57:56',NULL,'Windows 7','Chrome 45','123.85.178.60',NULL,NULL,NULL,NULL),(5770,NULL,'2016-07-27 15:58:01',NULL,'Windows 7','Chrome 45','123.85.178.60',NULL,NULL,NULL,NULL),(5771,NULL,'2016-07-27 16:19:51',NULL,'Windows 10','Chrome 38','14.124.108.181',NULL,NULL,NULL,NULL),(5772,NULL,'2016-07-27 16:50:49',NULL,'Windows 10','Chrome 38','14.124.108.181',NULL,NULL,NULL,NULL),(5773,NULL,'2016-07-27 17:33:01',NULL,'Windows 10','Chrome','120.52.24.25',NULL,NULL,NULL,NULL),(5774,NULL,'2016-07-27 18:17:17',NULL,'Windows 10','Firefox','117.114.133.10',NULL,NULL,NULL,NULL),(5775,NULL,'2016-07-27 18:29:06',NULL,'Windows 8.1','Chrome 42','112.26.236.14',NULL,NULL,NULL,NULL),(5776,NULL,'2016-07-27 21:27:07',NULL,'Android 4.x','Chrome 37','180.158.243.2',NULL,NULL,NULL,NULL),(5777,NULL,'2016-07-27 21:44:45',NULL,'iOS 8.4 (iPhone)','Apple WebKit','117.114.147.136',NULL,NULL,NULL,NULL),(5778,NULL,'2016-07-27 22:41:54',NULL,'Windows 8.1','Chrome 45','123.112.237.53',NULL,NULL,NULL,NULL),(5779,NULL,'2016-07-27 22:42:13',NULL,'Windows 8.1','Chrome 45','123.112.237.53',NULL,NULL,NULL,NULL),(5780,NULL,'2016-07-28 10:09:22',NULL,'Windows 7','Chrome 45','123.85.178.60',NULL,NULL,NULL,NULL),(5781,NULL,'2016-07-28 10:09:26',NULL,'Windows 7','Chrome 45','123.85.178.60',NULL,NULL,NULL,NULL),(5782,NULL,'2016-07-28 10:27:47',NULL,'Windows 7','Chrome 46','123.125.26.230',NULL,NULL,NULL,NULL),(5783,NULL,'2016-07-28 10:28:44',NULL,'Windows 7','Chrome 45','118.194.244.123',NULL,NULL,NULL,NULL),(5784,NULL,'2016-07-28 10:31:43',NULL,'Windows 7','Chrome 45','118.194.244.123',NULL,NULL,NULL,NULL),(5785,NULL,'2016-07-28 10:31:53',NULL,'Mac OS X','Chrome','106.37.180.82',NULL,NULL,NULL,NULL),(5786,NULL,'2016-07-28 10:36:10',NULL,'Windows 7','Chrome 45','118.194.244.123',NULL,NULL,NULL,NULL),(5787,NULL,'2016-07-28 11:04:50',NULL,'Windows 10','Chrome','120.52.24.25',NULL,NULL,NULL,NULL),(5788,NULL,'2016-07-28 13:53:55',NULL,'Windows 10','Chrome','120.52.24.25',NULL,NULL,NULL,NULL),(5789,NULL,'2016-07-28 13:56:29',NULL,'Windows 10','Chrome','120.52.24.25',NULL,NULL,NULL,NULL),(5790,NULL,'2016-07-28 13:56:36',NULL,'Windows 10','Chrome','120.52.24.25',NULL,NULL,NULL,NULL),(5791,NULL,'2016-07-28 13:56:36',NULL,'Windows 10','Chrome','120.52.24.25',NULL,NULL,NULL,NULL),(5792,NULL,'2016-07-28 14:20:24',NULL,'Windows 7','Firefox','61.48.46.244',NULL,NULL,NULL,NULL),(5793,NULL,'2016-07-28 14:20:24',NULL,'Android 4.x','Mobile Safari','101.226.33.208',NULL,NULL,NULL,NULL),(5794,NULL,'2016-07-28 14:23:33',NULL,'Windows XP','Chrome 45','101.226.65.102',NULL,NULL,NULL,NULL),(5795,NULL,'2016-07-28 14:41:02',NULL,'Windows 7','Chrome 45','123.85.178.60',NULL,NULL,NULL,NULL),(5796,NULL,'2016-07-28 14:55:44',NULL,'Windows 7','Chrome 45','123.85.178.60',NULL,NULL,NULL,NULL),(5797,NULL,'2016-07-28 17:05:13',NULL,'Windows 7','Chrome 45','123.85.178.60',NULL,NULL,NULL,NULL),(5798,NULL,'2016-07-28 17:06:26',NULL,'Windows 10','Chrome','120.52.24.29',NULL,NULL,NULL,NULL),(5799,NULL,'2016-07-28 17:06:40',NULL,'Windows 10','Chrome','120.52.24.29',NULL,NULL,NULL,NULL),(5800,NULL,'2016-07-28 17:08:48',NULL,'Windows 10','Chrome','120.52.24.29',NULL,NULL,NULL,NULL),(5801,NULL,'2016-07-28 17:12:12',NULL,'Android 4.x','Chrome 37','121.22.254.123',NULL,NULL,NULL,NULL),(5802,NULL,'2016-07-28 17:12:35',NULL,'Windows 7','Firefox','106.2.219.210',NULL,NULL,NULL,NULL),(5803,NULL,'2016-07-28 17:16:15',NULL,'Windows 7','Chrome','221.239.96.186',NULL,NULL,NULL,NULL),(5804,NULL,'2016-07-28 17:21:15',NULL,'Windows 7','Chrome','221.239.96.186',NULL,NULL,NULL,NULL),(5805,NULL,'2016-07-28 17:24:49',NULL,'Windows 7','Internet Explorer 11','101.68.101.216',NULL,NULL,NULL,NULL),(5806,NULL,'2016-07-28 17:25:03',NULL,'Windows 7','Internet Explorer 11','101.68.101.216',NULL,NULL,NULL,NULL),(5807,NULL,'2016-07-28 18:15:16',NULL,'Android 5.x','Chrome 37','223.72.89.133',NULL,NULL,NULL,NULL),(5808,NULL,'2016-07-28 18:27:38',NULL,'Windows 7','Chrome','101.81.115.184',NULL,NULL,NULL,NULL),(5809,NULL,'2016-07-28 18:28:40',NULL,'Windows 7','Chrome 38','123.57.11.79',NULL,NULL,NULL,NULL),(5810,NULL,'2016-07-28 18:28:46',NULL,'Android 4.x','Mobile Safari','101.226.89.121',NULL,NULL,NULL,NULL),(5811,NULL,'2016-07-28 18:28:47',NULL,'Windows 7','Chrome 45','101.81.21.212',NULL,NULL,NULL,NULL),(5812,NULL,'2016-07-28 18:28:53',NULL,'Windows 10','Chrome','171.8.64.150',NULL,NULL,NULL,NULL),(5813,NULL,'2016-07-28 18:29:18',NULL,'Windows 7','Chrome 47','116.236.254.70',NULL,NULL,NULL,NULL),(5814,NULL,'2016-07-28 18:29:24',NULL,'Windows 10','Chrome 38','124.65.136.186',NULL,NULL,NULL,NULL),(5815,NULL,'2016-07-28 18:29:46',NULL,'Windows 10','Chrome','171.8.64.150',NULL,NULL,NULL,NULL),(5816,NULL,'2016-07-28 18:30:03',NULL,'Windows 10','Chrome','183.62.60.90',NULL,NULL,NULL,NULL),(5817,NULL,'2016-07-28 18:30:19',NULL,'Windows 7','Firefox','118.122.122.192',NULL,NULL,NULL,NULL),(5818,NULL,'2016-07-28 18:31:45',NULL,'Windows XP','Chrome 45','61.151.226.199',NULL,NULL,NULL,NULL),(5819,NULL,'2016-07-28 18:31:45',NULL,'Windows XP','Chrome 45','61.151.228.22',NULL,NULL,NULL,NULL),(5820,NULL,'2016-07-28 18:31:54',NULL,'Windows XP','Chrome 45','180.153.206.37',NULL,NULL,NULL,NULL),(5821,NULL,'2016-07-28 18:39:25',NULL,'Windows 7','Chrome','27.155.152.38',NULL,NULL,NULL,NULL),(5822,NULL,'2016-07-28 18:50:22',NULL,'Android 4.x','Chrome 37','117.136.94.72',NULL,NULL,NULL,NULL),(5823,NULL,'2016-07-28 20:42:34',NULL,'Windows 10','Internet Explorer 11','222.128.179.112',NULL,NULL,NULL,NULL),(5824,NULL,'2016-07-29 09:19:33',NULL,'Windows 10','Firefox','117.114.133.10',NULL,NULL,NULL,NULL),(5825,NULL,'2016-07-29 09:59:24',NULL,'Windows 7','Chrome 45','123.85.178.60',NULL,NULL,NULL,NULL),(5826,NULL,'2016-07-29 09:59:34',NULL,'Windows 7','Chrome 45','123.85.178.60',NULL,NULL,NULL,NULL),(5827,NULL,'2016-07-29 10:33:13',NULL,'Windows 7','Chrome 45','123.85.178.60',NULL,NULL,NULL,NULL),(5828,NULL,'2016-07-29 10:33:19',NULL,'Windows 7','Chrome 45','123.85.178.60',NULL,NULL,NULL,NULL),(5829,NULL,'2016-07-29 10:33:50',NULL,'Windows 7','Chrome 45','123.85.178.60',NULL,NULL,NULL,NULL),(5830,NULL,'2016-07-29 10:34:06',NULL,'Windows 10','Chrome','120.52.24.29',NULL,NULL,NULL,NULL),(5831,NULL,'2016-07-29 11:43:50',NULL,'Windows 7','Chrome','14.124.110.166',NULL,NULL,NULL,NULL),(5832,NULL,'2016-07-29 11:44:02',NULL,'Windows 7','Chrome','14.124.110.166',NULL,NULL,NULL,NULL),(5833,NULL,'2016-07-29 13:46:54',NULL,'Windows 7','Chrome 45','115.197.141.117',NULL,NULL,NULL,NULL),(5834,NULL,'2016-07-29 13:47:15',NULL,'Windows 7','Chrome 45','115.197.141.117',NULL,NULL,NULL,NULL),(5835,NULL,'2016-07-29 14:27:16',NULL,'Windows 7','Chrome 45','103.31.151.230',NULL,NULL,NULL,NULL),(5836,NULL,'2016-07-29 15:47:02',NULL,'Windows 7','Chrome 45','123.85.178.60',NULL,NULL,NULL,NULL),(5837,NULL,'2016-07-29 16:23:00',NULL,'Windows 10','Chrome 45','218.89.109.226',NULL,NULL,NULL,NULL),(5838,NULL,'2016-07-29 17:44:03',NULL,'Windows 7','Chrome','221.239.96.186',NULL,NULL,NULL,NULL),(5839,NULL,'2016-07-29 17:44:39',NULL,'Windows 7','Chrome','183.16.7.4',NULL,NULL,NULL,NULL),(5840,NULL,'2016-07-30 20:05:57',NULL,'Mac OS X','Chrome','60.206.230.32',NULL,NULL,NULL,NULL),(5841,NULL,'2016-08-01 09:07:34',NULL,'Windows 8.1','Chrome','157.61.129.218',NULL,NULL,NULL,NULL),(5842,NULL,'2016-08-01 09:07:46',NULL,'Windows 8.1','Chrome','157.61.129.218',NULL,NULL,NULL,NULL),(5843,NULL,'2016-08-01 09:17:04',NULL,'Windows 8.1','Chrome','157.61.129.218',NULL,NULL,NULL,NULL),(5844,NULL,'2016-08-01 09:19:10',NULL,'Windows 8.1','Chrome','157.61.129.218',NULL,NULL,NULL,NULL),(5845,NULL,'2016-08-01 09:41:55',NULL,'Windows 10','Chrome','120.52.24.29',NULL,NULL,NULL,NULL),(5846,NULL,'2016-08-01 10:18:28',NULL,'Windows 8.1','Chrome','157.61.129.218',NULL,NULL,NULL,NULL),(5847,NULL,'2016-08-01 11:56:56',NULL,'Windows 7','Chrome 45','218.65.95.159',NULL,NULL,NULL,NULL),(5848,NULL,'2016-08-01 11:57:19',NULL,'Windows 7','Chrome 45','218.65.95.159',NULL,NULL,NULL,NULL),(5849,NULL,'2016-08-01 13:09:05',NULL,'Windows 7','Chrome 45','222.178.228.84',NULL,NULL,NULL,NULL),(5850,NULL,'2016-08-01 13:09:52',NULL,'Windows 7','Chrome 48','114.255.222.123',NULL,NULL,NULL,NULL),(5851,NULL,'2016-08-01 13:11:25',NULL,'Windows 10','Chrome','121.69.128.67',NULL,NULL,NULL,NULL),(5852,NULL,'2016-08-01 13:12:58',NULL,'Android 4.x','Chrome 37','117.136.38.37',NULL,NULL,NULL,NULL),(5853,NULL,'2016-08-01 13:25:12',NULL,'Windows 7','Chrome 31','106.120.29.121',NULL,NULL,NULL,NULL),(5854,NULL,'2016-08-01 13:29:52',NULL,'Windows 7','Internet Explorer 8','110.240.63.187',NULL,NULL,NULL,NULL),(5855,NULL,'2016-08-01 13:36:01',NULL,'Windows 7','Firefox','175.11.157.18',NULL,NULL,NULL,NULL),(5856,NULL,'2016-08-01 13:37:24',NULL,'Windows 7','Chrome 38','115.53.114.216',NULL,NULL,NULL,NULL),(5857,NULL,'2016-08-01 13:39:00',NULL,'Windows XP','Chrome 45','101.226.125.104',NULL,NULL,NULL,NULL),(5858,NULL,'2016-08-01 13:40:29',NULL,'Windows XP','Chrome 45','101.226.51.229',NULL,NULL,NULL,NULL),(5859,NULL,'2016-08-01 13:41:19',NULL,'Windows 7','Chrome','218.1.18.114',NULL,NULL,NULL,NULL),(5860,NULL,'2016-08-01 13:46:08',NULL,'Windows 7','Chrome 47','119.57.167.218',NULL,NULL,NULL,NULL),(5861,NULL,'2016-08-01 14:01:36',NULL,'Windows 7','Chrome 49','211.100.31.28',NULL,NULL,NULL,NULL),(5862,NULL,'2016-08-01 14:07:53',NULL,'Windows 7','Chrome 49','211.100.31.28',NULL,NULL,NULL,NULL),(5863,NULL,'2016-08-01 14:15:54',NULL,'Windows 7','Chrome 49','211.100.31.28',NULL,NULL,NULL,NULL),(5864,NULL,'2016-08-01 14:55:57',NULL,'Windows 7','Chrome 45','60.247.90.178',NULL,NULL,NULL,NULL),(5865,NULL,'2016-08-01 15:26:45',NULL,'Windows 7','Chrome 38','221.130.253.135',NULL,NULL,NULL,NULL),(5866,NULL,'2016-08-01 15:27:03',NULL,'Windows 7','Chrome 38','221.130.253.135',NULL,NULL,NULL,NULL),(5867,NULL,'2016-08-01 15:28:25',NULL,'Windows 7','Chrome','222.128.105.44',NULL,NULL,NULL,NULL),(5868,NULL,'2016-08-01 16:54:28',NULL,'Windows 7','Firefox','218.62.16.155',NULL,NULL,NULL,NULL),(5869,NULL,'2016-08-04 15:16:15',NULL,'Windows 10','Chrome','61.135.194.170',NULL,NULL,NULL,NULL),(5870,NULL,'2016-08-04 15:16:16',NULL,'Windows 7','Internet Explorer 10','124.65.118.126',NULL,NULL,NULL,NULL),(5871,NULL,'2016-08-04 15:16:33',NULL,'Windows 8.1','Chrome','106.39.123.226',NULL,NULL,NULL,NULL),(5872,NULL,'2016-08-04 15:16:48',NULL,'Windows 7','Internet Explorer 10','124.65.118.126',NULL,NULL,NULL,NULL),(5873,NULL,'2016-08-04 15:16:49',NULL,'Windows 7','Chrome','124.65.118.126',NULL,NULL,NULL,NULL),(5874,NULL,'2016-08-04 15:18:16',NULL,'Windows 7','Chrome 45','60.29.64.139',NULL,NULL,NULL,NULL),(5875,NULL,'2016-08-04 15:21:21',NULL,'Windows XP','Chrome 45','101.226.33.201',NULL,NULL,NULL,NULL),(5876,NULL,'2016-08-04 15:24:43',NULL,'Windows 7','Chrome 45','163.125.74.43',NULL,NULL,NULL,NULL),(5877,NULL,'2016-08-04 15:27:37',NULL,'Windows 7','Chrome 45','202.101.102.203',NULL,NULL,NULL,NULL),(5878,NULL,'2016-08-04 15:30:49',NULL,'Windows 7','Chrome 45','60.29.64.139',NULL,NULL,NULL,NULL),(5879,NULL,'2016-08-04 15:38:18',NULL,'Windows 8.1','Chrome','106.39.123.226',NULL,NULL,NULL,NULL),(5880,NULL,'2016-08-04 19:09:43',NULL,'Android 4.x','Chrome 37','36.110.118.101',NULL,NULL,NULL,NULL),(5881,NULL,'2016-08-04 20:14:03',NULL,'Windows 10','Chrome','117.151.53.161',NULL,NULL,NULL,NULL),(5882,NULL,'2016-08-04 20:26:26',NULL,'Windows 10','Chrome 45','111.30.85.212',NULL,NULL,NULL,NULL),(5883,NULL,'2016-08-04 20:26:35',NULL,'Windows 10','Chrome 45','111.30.85.212',NULL,NULL,NULL,NULL),(5884,NULL,'2016-08-05 01:56:55',NULL,'Windows XP','Chrome 45','123.139.51.81',NULL,NULL,NULL,NULL),(5885,NULL,'2016-08-05 10:13:51',NULL,'Windows 10','Chrome','61.135.194.170',NULL,NULL,NULL,NULL),(5886,NULL,'2016-08-05 10:15:58',NULL,'Windows 10','Internet Explorer 11','218.89.185.146',NULL,NULL,NULL,NULL),(5887,NULL,'2016-08-05 10:17:02',NULL,'Windows 10','Chrome','218.89.185.146',NULL,NULL,NULL,NULL),(5888,NULL,'2016-08-05 10:17:24',NULL,'Windows 7','Chrome 47','114.111.167.235',NULL,NULL,NULL,NULL),(5889,NULL,'2016-08-05 10:20:25',NULL,'Android 5.x','Chrome 37','27.43.178.112',NULL,NULL,NULL,NULL),(5890,NULL,'2016-08-05 12:08:57',NULL,'Android 6.x','Chrome 37','223.79.61.67',NULL,NULL,NULL,NULL),(5891,NULL,'2016-08-05 12:32:40',NULL,'Windows 7','Chrome','114.111.167.235',NULL,NULL,NULL,NULL),(5892,NULL,'2016-08-05 12:35:39',NULL,'Windows XP','Chrome 45','101.226.89.117',NULL,NULL,NULL,NULL),(5893,NULL,'2016-08-05 13:58:36',NULL,'Windows 7','Chrome 49','101.254.182.62',NULL,NULL,NULL,NULL),(5894,NULL,'2016-08-05 14:00:01',NULL,'Windows 7','Chrome 49','101.254.182.62',NULL,NULL,NULL,NULL),(5895,NULL,'2016-08-05 14:00:15',NULL,'Windows 7','Chrome 49','101.254.182.62',NULL,NULL,NULL,NULL),(5896,NULL,'2016-08-05 17:56:29',NULL,'Windows 7','Firefox','218.205.147.14',NULL,NULL,NULL,NULL),(5897,NULL,'2016-08-05 17:56:33',NULL,'Windows 7','Internet Explorer 11','211.157.145.226',NULL,NULL,NULL,NULL),(5898,NULL,'2016-08-05 17:56:35',NULL,'Windows 7','Chrome','124.65.118.126',NULL,NULL,NULL,NULL),(5899,NULL,'2016-08-05 17:56:54',NULL,'Windows 7','Firefox','220.197.196.207',NULL,NULL,NULL,NULL),(5900,NULL,'2016-08-05 17:57:07',NULL,'Windows 7','Chrome 45','202.85.220.38',NULL,NULL,NULL,NULL),(5901,NULL,'2016-08-05 17:57:17',NULL,'Windows 7','Chrome 45','220.160.125.218',NULL,NULL,NULL,NULL),(5902,NULL,'2016-08-05 17:57:36',NULL,'Windows 7','Firefox','101.81.186.151',NULL,NULL,NULL,NULL),(5903,NULL,'2016-08-05 17:58:06',NULL,'Windows 7','Chrome 48','113.87.96.66',NULL,NULL,NULL,NULL),(5904,NULL,'2016-08-07 10:11:32',NULL,'Android 5.x','Chrome 37','106.120.21.223',NULL,NULL,NULL,NULL),(5905,NULL,'2016-08-07 10:17:18',NULL,'Windows 8.1','Chrome','163.204.9.175',NULL,NULL,NULL,NULL),(5906,NULL,'2016-08-07 17:16:48',NULL,'Windows 10','Microsoft Edge 13','61.170.246.44',NULL,NULL,NULL,NULL),(5907,NULL,'2016-08-07 17:17:44',NULL,'Windows 10','Firefox','116.234.93.223',NULL,NULL,NULL,NULL),(5908,NULL,'2016-08-07 17:20:19',NULL,'Windows 10','Firefox','116.234.93.223',NULL,NULL,NULL,NULL),(5909,NULL,'2016-08-07 17:24:08',NULL,'Windows 10','Firefox','116.234.93.223',NULL,NULL,NULL,NULL),(5910,NULL,'2016-08-07 17:26:15',NULL,'Windows 7','Chrome 45','27.199.77.26',NULL,NULL,NULL,NULL),(5911,NULL,'2016-08-07 17:26:33',NULL,'Windows 7','Chrome 45','27.199.77.26',NULL,NULL,NULL,NULL),(5912,NULL,'2016-08-07 22:10:42',NULL,'Windows 8.1','Chrome 42','27.38.115.46',NULL,NULL,NULL,NULL),(5913,NULL,'2016-08-07 22:10:58',NULL,'Windows 8.1','Chrome 42','27.38.119.86',NULL,NULL,NULL,NULL),(5914,NULL,'2016-08-07 22:14:09',NULL,'Windows 8.1','Chrome 45','222.128.131.80',NULL,NULL,NULL,NULL),(5915,NULL,'2016-08-07 22:22:59',NULL,'Windows 8.1','Chrome 45','222.128.131.80',NULL,NULL,NULL,NULL),(5916,NULL,'2016-08-07 22:23:27',NULL,'Windows 8.1','Chrome 45','222.128.131.80',NULL,NULL,NULL,NULL),(5917,NULL,'2016-08-07 22:37:05',NULL,'Windows 8.1','Firefox','222.128.131.80',NULL,NULL,NULL,NULL),(5918,NULL,'2016-08-08 10:19:38',NULL,'Windows 7','Chrome 42','123.127.3.26',NULL,NULL,NULL,NULL),(5919,NULL,'2016-08-08 10:19:56',NULL,'Windows 7','Chrome 42','123.127.3.26',NULL,NULL,NULL,NULL),(5920,NULL,'2016-08-08 11:09:43',NULL,'Windows 10','Chrome','120.52.24.28',NULL,NULL,NULL,NULL),(5921,NULL,'2016-08-08 11:09:50',NULL,'Windows 10','Chrome','120.52.24.28',NULL,NULL,NULL,NULL),(5922,NULL,'2016-08-08 11:14:12',NULL,'Windows 7','Chrome','124.65.143.22',NULL,NULL,NULL,NULL),(5923,NULL,'2016-08-08 11:14:12',NULL,'Windows 10','Chrome','23.83.238.118',NULL,NULL,NULL,NULL),(5924,NULL,'2016-08-08 11:15:21',NULL,'Windows 7','Chrome','14.124.107.7',NULL,NULL,NULL,NULL),(5925,NULL,'2016-08-08 11:16:08',NULL,'Windows 8.1','Chrome 45','221.207.36.3',NULL,NULL,NULL,NULL),(5926,NULL,'2016-08-08 11:17:20',NULL,'Windows XP','Chrome 45','101.226.33.224',NULL,NULL,NULL,NULL),(5927,NULL,'2016-08-08 11:17:45',NULL,'Windows 10','Chrome 47','218.6.169.95',NULL,NULL,NULL,NULL),(5928,NULL,'2016-08-08 11:22:27',NULL,'Windows 8.1','Chrome','180.169.33.113',NULL,NULL,NULL,NULL),(5929,NULL,'2016-08-08 11:23:44',NULL,'Windows 7','Internet Explorer 9','124.65.143.22',NULL,NULL,NULL,NULL),(5930,NULL,'2016-08-08 11:26:43',NULL,'Windows XP','Chrome 45','112.65.193.15',NULL,NULL,NULL,NULL),(5931,NULL,'2016-08-08 11:33:26',NULL,'Windows 7','Chrome 45','180.126.20.144',NULL,NULL,NULL,NULL),(5932,NULL,'2016-08-08 11:37:14',NULL,'Android 4.x','Chrome 37','101.81.186.151',NULL,NULL,NULL,NULL),(5933,NULL,'2016-08-08 12:07:11',NULL,'Android 4.x','Chrome 37','223.104.1.114',NULL,NULL,NULL,NULL),(5934,NULL,'2016-08-08 15:30:45',NULL,'Windows 10','Chrome 45','124.205.39.138',NULL,NULL,NULL,NULL),(5935,NULL,'2016-08-08 15:30:54',NULL,'Windows 10','Chrome 45','124.205.39.138',NULL,NULL,NULL,NULL),(5936,NULL,'2016-08-08 15:52:13',NULL,'Windows 10','Firefox','123.232.99.10',NULL,NULL,NULL,NULL),(5937,NULL,'2016-08-08 15:52:20',NULL,'Windows 7','Internet Explorer 10','123.233.115.107',NULL,NULL,NULL,NULL),(5938,NULL,'2016-08-08 15:52:28',NULL,'Android 5.x','Chrome 37','27.43.178.18',NULL,NULL,NULL,NULL),(5939,NULL,'2016-08-08 15:52:33',NULL,'Windows 10','Chrome','114.253.252.213',NULL,NULL,NULL,NULL),(5940,NULL,'2016-08-08 16:49:30',NULL,'Windows 10','Firefox','124.205.39.138',NULL,NULL,NULL,NULL),(5941,NULL,'2016-08-08 17:19:28',NULL,'Windows 10','Chrome 45','124.205.39.138',NULL,NULL,NULL,NULL),(5942,NULL,'2016-08-08 17:19:53',NULL,'Windows 10','Firefox','124.205.39.138',NULL,NULL,NULL,NULL),(5943,NULL,'2016-08-09 08:19:31',NULL,'Windows 7','Internet Explorer 10','115.205.232.33',NULL,NULL,NULL,NULL),(5944,NULL,'2016-08-09 16:29:00',NULL,'Windows 7','Chrome','114.111.167.235',NULL,NULL,NULL,NULL),(5945,NULL,'2016-08-09 17:05:56',NULL,'Windows 7','Chrome 42','103.242.200.115',NULL,NULL,NULL,NULL),(5946,NULL,'2016-08-09 17:15:51',NULL,'Windows 7','Firefox','59.56.176.19',NULL,NULL,NULL,NULL),(5947,NULL,'2016-08-09 17:16:01',NULL,'Windows 7','Firefox','59.56.176.19',NULL,NULL,NULL,NULL),(5948,NULL,'2016-08-10 09:58:37',NULL,'Windows 10','Chrome','120.52.24.28',NULL,NULL,NULL,NULL),(5949,NULL,'2016-08-10 09:59:58',NULL,'Windows 7','Chrome 45','202.85.220.38',NULL,NULL,NULL,NULL),(5950,NULL,'2016-08-10 10:02:34',NULL,'Windows 7','Firefox','123.172.64.133',NULL,NULL,NULL,NULL),(5951,NULL,'2016-08-10 10:04:54',NULL,'Windows 7','Chrome 47','218.17.162.170',NULL,NULL,NULL,NULL),(5952,NULL,'2016-08-10 10:07:54',NULL,'Windows 8.1','Chrome','106.39.123.226',NULL,NULL,NULL,NULL),(5953,NULL,'2016-08-10 10:11:00',NULL,'Windows XP','Chrome 45','101.226.33.219',NULL,NULL,NULL,NULL),(5954,NULL,'2016-08-10 10:11:28',NULL,'Windows 7','Chrome 47','101.231.207.206',NULL,NULL,NULL,NULL),(5955,NULL,'2016-08-10 10:12:00',NULL,'Windows 7','Chrome 30','113.99.84.51',NULL,NULL,NULL,NULL),(5956,NULL,'2016-08-10 10:12:09',NULL,'Windows 10','Firefox','59.40.73.183',NULL,NULL,NULL,NULL),(5957,NULL,'2016-08-10 10:14:12',NULL,'Windows 8.1','Chrome','106.39.123.226',NULL,NULL,NULL,NULL),(5958,NULL,'2016-08-10 10:15:06',NULL,'Windows XP','Chrome 45','101.226.125.16',NULL,NULL,NULL,NULL),(5959,NULL,'2016-08-10 10:19:21',NULL,'Windows 7','Chrome 45','112.64.133.70',NULL,NULL,NULL,NULL),(5960,NULL,'2016-08-10 10:55:27',NULL,'Windows 10','Chrome 38','219.137.139.191',NULL,NULL,NULL,NULL),(5961,NULL,'2016-08-10 11:07:27',NULL,'Windows 7','Firefox','123.172.64.133',NULL,NULL,NULL,NULL),(5962,NULL,'2016-08-10 11:07:37',NULL,'Windows 7','Firefox','123.172.64.133',NULL,NULL,NULL,NULL),(5963,NULL,'2016-08-10 11:54:55',NULL,'Windows 7','Internet Explorer 9','113.68.32.116',NULL,NULL,NULL,NULL),(5964,NULL,'2016-08-10 14:24:47',NULL,'Windows 10','Chrome','120.52.24.28',NULL,NULL,NULL,NULL),(5965,NULL,'2016-08-10 14:27:42',NULL,'Windows 10','Chrome','120.52.24.28',NULL,NULL,NULL,NULL),(5966,NULL,'2016-08-10 14:31:24',NULL,'Windows 7','Chrome','219.150.85.232',NULL,NULL,NULL,NULL),(5967,NULL,'2016-08-10 14:31:33',NULL,'Windows 10','Chrome','120.52.24.28',NULL,NULL,NULL,NULL),(5968,NULL,'2016-08-10 14:33:55',NULL,'Windows 10','Chrome','120.52.24.28',NULL,NULL,NULL,NULL),(5969,NULL,'2016-08-10 15:30:58',NULL,'Windows XP','Chrome 42','112.123.252.120',NULL,NULL,NULL,NULL),(5970,NULL,'2016-08-10 15:31:20',NULL,'Windows XP','Chrome 42','112.123.252.120',NULL,NULL,NULL,NULL),(5971,NULL,'2016-08-10 16:40:42',NULL,'Windows 7','Chrome','113.68.32.116',NULL,NULL,NULL,NULL),(5972,NULL,'2016-08-10 16:40:49',NULL,'Windows 7','Firefox','113.68.32.116',NULL,NULL,NULL,NULL),(5973,NULL,'2016-08-10 16:40:56',NULL,'Windows 7','Chrome','113.68.32.116',NULL,NULL,NULL,NULL),(5974,NULL,'2016-08-10 16:48:25',NULL,'Windows 7','Chrome 45','218.89.109.226',NULL,NULL,NULL,NULL),(5975,NULL,'2016-08-10 16:48:35',NULL,'Windows 7','Chrome 45','218.89.109.226',NULL,NULL,NULL,NULL),(5976,NULL,'2016-08-10 17:01:18',NULL,'Windows 7','Chrome 44','218.240.34.2',NULL,NULL,NULL,NULL),(5977,NULL,'2016-08-10 17:01:36',NULL,'Windows 7','Chrome 44','218.240.34.2',NULL,NULL,NULL,NULL),(5978,NULL,'2016-08-10 17:09:48',NULL,'Windows 7','Firefox','218.240.34.2',NULL,NULL,NULL,NULL),(5979,NULL,'2016-08-11 09:22:34',NULL,'Windows 7','Chrome 45','180.126.19.213',NULL,NULL,NULL,NULL),(5980,NULL,'2016-08-11 09:22:53',NULL,'Windows 7','Chrome 45','219.159.77.112',NULL,NULL,NULL,NULL),(5981,NULL,'2016-08-11 09:24:06',NULL,'Android 5.x','Chrome 37','111.207.148.130',NULL,NULL,NULL,NULL),(5982,NULL,'2016-08-11 09:50:03',NULL,'Windows 10','Chrome 48','210.32.120.102',NULL,NULL,NULL,NULL),(5983,NULL,'2016-08-11 09:51:32',NULL,'Windows 10','Chrome','27.115.87.106',NULL,NULL,NULL,NULL),(5984,NULL,'2016-08-11 16:17:18',NULL,'Windows 7','Chrome','183.15.247.190',NULL,NULL,NULL,NULL),(5985,NULL,'2016-08-11 16:17:30',NULL,'Windows 7','Chrome','183.15.247.190',NULL,NULL,NULL,NULL),(5986,NULL,'2016-08-11 17:57:01',NULL,'Windows 8.1','Chrome 45','222.128.131.80',NULL,NULL,NULL,NULL),(5987,NULL,'2016-08-11 17:57:20',NULL,'Windows 8.1','Chrome 45','222.128.131.80',NULL,NULL,NULL,NULL),(5988,NULL,'2016-08-11 20:53:56',NULL,'Windows 7','Firefox','60.211.167.2',NULL,NULL,NULL,NULL),(5989,NULL,'2016-08-11 20:54:05',NULL,'Windows 7','Firefox','60.211.167.2',NULL,NULL,NULL,NULL),(5990,NULL,'2016-08-12 08:06:45',NULL,'Windows 7','Firefox','60.211.167.2',NULL,NULL,NULL,NULL),(5991,NULL,'2016-08-12 08:07:16',NULL,'Windows 7','Firefox','60.211.167.2',NULL,NULL,NULL,NULL),(5992,NULL,'2016-08-12 14:04:58',NULL,'Windows 7','Chrome','59.38.13.35',NULL,NULL,NULL,NULL),(5993,NULL,'2016-08-12 14:05:09',NULL,'Windows 7','Chrome','59.38.13.35',NULL,NULL,NULL,NULL),(5994,NULL,'2016-08-12 14:06:36',NULL,'Windows 10','Chrome','59.38.13.35',NULL,NULL,NULL,NULL),(5995,NULL,'2016-08-12 14:08:00',NULL,'Windows XP','Chrome 45','101.226.51.226',NULL,NULL,NULL,NULL),(5996,NULL,'2016-08-12 14:36:17',NULL,'Windows 10','Chrome 47','218.6.169.95',NULL,NULL,NULL,NULL),(5997,NULL,'2016-08-12 14:36:36',NULL,'Windows 10','Chrome 47','218.6.169.95',NULL,NULL,NULL,NULL),(5998,NULL,'2016-08-12 14:37:13',NULL,'Windows 10','Chrome 47','218.6.169.95',NULL,NULL,NULL,NULL),(5999,NULL,'2016-08-12 14:37:14',NULL,'Windows 10','Chrome 47','218.6.169.95',NULL,NULL,NULL,NULL),(6000,NULL,'2016-08-12 14:37:17',NULL,'Windows 10','Chrome 47','218.6.169.95',NULL,NULL,NULL,NULL),(6001,NULL,'2016-08-12 14:43:36',NULL,'Windows 7','Chrome','59.38.13.35',NULL,NULL,NULL,NULL),(6002,NULL,'2016-08-19 09:26:18',NULL,'Windows 10','Chrome','120.52.92.23',NULL,NULL,NULL,NULL),(6003,NULL,'2016-08-19 09:27:32',NULL,'Windows 10','Chrome','120.52.92.23',NULL,NULL,NULL,NULL),(6004,NULL,'2016-08-19 09:28:23',NULL,'Windows 10','Chrome','120.52.92.23',NULL,NULL,NULL,NULL),(6005,NULL,'2016-08-19 09:28:58',NULL,'Windows 10','Chrome','120.52.92.23',NULL,NULL,NULL,NULL),(6006,NULL,'2016-08-19 09:29:27',NULL,'Windows 10','Chrome','120.52.92.23',NULL,NULL,NULL,NULL),(6007,NULL,'2016-08-19 09:29:32',NULL,'Windows 10','Chrome','120.52.92.23',NULL,NULL,NULL,NULL),(6008,NULL,'2016-08-19 09:29:49',NULL,'Windows 10','Chrome','120.52.92.23',NULL,NULL,NULL,NULL),(6009,NULL,'2016-08-19 09:31:19',NULL,'Windows 10','Chrome','120.52.92.23',NULL,NULL,NULL,NULL),(6010,NULL,'2016-08-19 09:33:30',NULL,'Windows 10','Chrome','120.52.92.23',NULL,NULL,NULL,NULL),(6011,NULL,'2016-08-19 09:41:17',NULL,'Windows 10','Chrome','120.52.92.23',NULL,NULL,NULL,NULL),(6012,NULL,'2016-08-19 09:59:45',NULL,'Windows 7','Chrome','202.96.41.13',NULL,NULL,NULL,NULL),(6013,NULL,'2016-08-19 10:09:47',NULL,'Windows 10','Chrome','120.52.92.23',NULL,NULL,NULL,NULL),(6014,NULL,'2016-08-19 10:09:55',NULL,'Windows 10','Chrome','120.52.92.23',NULL,NULL,NULL,NULL),(6015,NULL,'2016-08-19 10:09:56',NULL,'Windows 10','Chrome','120.52.92.23',NULL,NULL,NULL,NULL),(6016,NULL,'2016-08-19 10:10:06',NULL,'Windows 10','Chrome','120.52.92.23',NULL,NULL,NULL,NULL),(6017,NULL,'2016-08-19 10:10:16',NULL,'Windows 10','Chrome','120.52.92.23',NULL,NULL,NULL,NULL),(6018,NULL,'2016-08-19 10:10:28',NULL,'Windows 10','Chrome','120.52.92.23',NULL,NULL,NULL,NULL),(6019,NULL,'2016-08-19 10:11:06',NULL,'Windows 10','Chrome','120.52.92.23',NULL,NULL,NULL,NULL),(6020,NULL,'2016-08-19 10:11:07',NULL,'Windows 10','Chrome','120.52.92.23',NULL,NULL,NULL,NULL),(6021,NULL,'2016-08-19 10:11:08',NULL,'Windows 10','Chrome','120.52.92.23',NULL,NULL,NULL,NULL),(6022,NULL,'2016-08-19 10:11:08',NULL,'Windows 10','Chrome','120.52.92.23',NULL,NULL,NULL,NULL),(6023,NULL,'2016-08-19 10:11:08',NULL,'Windows 10','Chrome','120.52.92.23',NULL,NULL,NULL,NULL),(6024,NULL,'2016-08-19 10:11:30',NULL,'Windows 10','Chrome','120.52.92.23',NULL,NULL,NULL,NULL),(6025,NULL,'2016-08-19 10:11:57',NULL,'Windows 10','Chrome','120.52.92.23',NULL,NULL,NULL,NULL),(6026,NULL,'2016-08-19 10:35:37',NULL,'Mac OS X','Chrome','60.28.121.138',NULL,NULL,NULL,NULL),(6027,NULL,'2016-08-19 10:36:04',NULL,'Mac OS X','Chrome','60.28.121.138',NULL,NULL,NULL,NULL),(6028,NULL,'2016-08-19 11:31:32',NULL,'Windows 7','Chrome 45','123.85.178.60',NULL,NULL,NULL,NULL),(6029,NULL,'2016-08-19 11:31:39',NULL,'Windows 7','Chrome 45','123.85.178.60',NULL,NULL,NULL,NULL),(6030,NULL,'2016-08-19 12:43:04',NULL,'Mac OS X','Chrome','60.28.121.138',NULL,NULL,NULL,NULL),(6031,NULL,'2016-08-19 13:46:32',NULL,'Windows 7','Chrome','218.88.21.0',NULL,NULL,NULL,NULL),(6032,NULL,'2016-08-19 14:22:40',NULL,'Windows 10','Microsoft Edge 13','125.35.85.194',NULL,NULL,NULL,NULL),(6033,NULL,'2016-08-19 14:23:00',NULL,'Windows 10','Microsoft Edge 13','125.35.85.194',NULL,NULL,NULL,NULL),(6034,NULL,'2016-08-19 14:58:03',NULL,'Windows 7','Firefox','101.254.182.62',NULL,NULL,NULL,NULL),(6035,NULL,'2016-08-19 15:03:24',NULL,'Mac OS X','Chrome','60.28.121.138',NULL,NULL,NULL,NULL),(6036,NULL,'2016-08-19 15:05:04',NULL,'Windows 7','Firefox','111.198.116.99',NULL,NULL,NULL,NULL),(6037,NULL,'2016-08-19 15:16:38',NULL,'Windows 10','Chrome 48','210.32.120.101',NULL,NULL,NULL,NULL),(6038,NULL,'2016-08-19 16:13:59',NULL,'Windows 8.1','Chrome 45','222.128.157.99',NULL,NULL,NULL,NULL),(6039,NULL,'2016-08-19 16:14:04',NULL,'Windows 8.1','Chrome 45','222.128.157.99',NULL,NULL,NULL,NULL),(6040,NULL,'2016-08-19 17:03:56',NULL,'Windows 10','Chrome 48','210.32.120.101',NULL,NULL,NULL,NULL),(6041,NULL,'2016-08-19 17:19:46',NULL,'Windows 7','Chrome 48','125.39.30.137',NULL,NULL,NULL,NULL),(6042,NULL,'2016-08-19 21:18:00',NULL,'Mac OS X','Chrome','60.28.121.138',NULL,NULL,NULL,NULL),(6043,NULL,'2016-08-19 21:57:53',NULL,'Mac OS X','Chrome 47','106.37.28.139',NULL,NULL,NULL,NULL),(6044,NULL,'2016-08-19 21:58:20',NULL,'Mac OS X','Chrome 47','106.37.28.139',NULL,NULL,NULL,NULL),(6045,NULL,'2016-08-19 22:25:58',NULL,'Mac OS X','Chrome 47','106.37.28.139',NULL,NULL,NULL,NULL),(6046,NULL,'2016-08-19 22:27:17',NULL,'Windows 7','Chrome 44','27.38.56.142',NULL,NULL,NULL,NULL),(6047,NULL,'2016-08-19 22:30:41',NULL,'Mac OS X','Chrome 47','106.37.28.139',NULL,NULL,NULL,NULL),(6048,NULL,'2016-08-19 22:39:30',NULL,'Windows 7','Chrome 45','180.164.158.237',NULL,NULL,NULL,NULL),(6049,NULL,'2016-08-19 22:39:45',NULL,'Windows 7','Chrome 45','180.164.143.126',NULL,NULL,NULL,NULL),(6050,NULL,'2016-08-19 22:39:57',NULL,'Windows 7','Chrome 45','180.164.158.237',NULL,NULL,NULL,NULL),(6051,NULL,'2016-08-20 08:00:30',NULL,'Mac OS X','Chrome 47','106.37.28.138',NULL,NULL,NULL,NULL),(6052,NULL,'2016-08-20 08:01:23',NULL,'Mac OS X','Chrome 47','106.37.28.138',NULL,NULL,NULL,NULL),(6053,NULL,'2016-08-20 08:01:48',NULL,'Mac OS X','Chrome 47','106.37.28.138',NULL,NULL,NULL,NULL),(6054,NULL,'2016-08-20 10:17:38',NULL,'Mac OS X','Chrome','60.28.121.138',NULL,NULL,NULL,NULL),(6055,NULL,'2016-08-20 16:10:26',NULL,'Windows 8.1','Chrome','125.39.30.129',NULL,NULL,NULL,NULL),(6056,NULL,'2016-08-20 19:06:50',NULL,'Mac OS X','Chrome 47','106.37.28.133',NULL,NULL,NULL,NULL),(6057,NULL,'2016-08-20 22:37:06',NULL,'Windows 7','Firefox','119.131.178.124',NULL,NULL,NULL,NULL),(6058,NULL,'2016-08-20 22:48:21',NULL,'Windows 10','Internet Explorer 11','58.63.138.143',NULL,NULL,NULL,NULL),(6059,NULL,'2016-08-20 22:48:29',NULL,'Windows XP','Internet Explorer 7','111.206.36.10',NULL,NULL,NULL,NULL),(6060,NULL,'2016-08-21 14:10:32',NULL,'Mac OS X','Chrome','60.28.121.138',NULL,NULL,NULL,NULL),(6061,NULL,'2016-08-22 09:15:24',NULL,'Windows 7','Chrome 38','61.135.242.241',NULL,NULL,NULL,NULL),(6062,NULL,'2016-08-22 09:26:18',NULL,'Windows 10','Chrome 48','210.32.120.101',NULL,NULL,NULL,NULL),(6063,NULL,'2016-08-22 09:47:01',NULL,'Mac OS X','Chrome','60.28.121.138',NULL,NULL,NULL,NULL),(6064,NULL,'2016-08-22 09:57:21',NULL,'Mac OS X','Chrome','60.28.121.138',NULL,NULL,NULL,NULL),(6065,NULL,'2016-08-22 10:28:57',NULL,'Windows 10','Chrome 49','118.116.105.15',NULL,NULL,NULL,NULL),(6066,NULL,'2016-08-22 11:21:16',NULL,'Windows 7','Chrome 47','222.36.56.11',NULL,NULL,NULL,NULL),(6067,NULL,'2016-08-22 11:21:34',NULL,'Windows 7','Chrome 47','222.36.56.11',NULL,NULL,NULL,NULL),(6068,NULL,'2016-08-22 11:24:15',NULL,'Windows XP','Chrome 45','112.65.193.15',NULL,NULL,NULL,NULL),(6069,NULL,'2016-08-22 11:26:52',NULL,'Windows 7','Internet Explorer 11','222.191.235.230',NULL,NULL,NULL,NULL),(6070,NULL,'2016-08-22 11:27:10',NULL,'Windows 7','Chrome','222.191.235.230',NULL,NULL,NULL,NULL),(6071,NULL,'2016-08-22 11:27:21',NULL,'Windows 7','Chrome','222.191.235.230',NULL,NULL,NULL,NULL),(6072,NULL,'2016-08-22 11:29:17',NULL,'Windows 7','Chrome 47','117.122.208.3',NULL,NULL,NULL,NULL),(6073,NULL,'2016-08-22 11:34:50',NULL,'Android 4.x','Chrome 37','118.116.105.15',NULL,NULL,NULL,NULL),(6074,NULL,'2016-08-22 14:42:14',NULL,'Windows 7','Internet Explorer 8','116.236.210.154',NULL,NULL,NULL,NULL),(6075,NULL,'2016-08-22 14:42:38',NULL,'Windows 7','Internet Explorer 8','116.236.210.154',NULL,NULL,NULL,NULL),(6076,NULL,'2016-08-22 14:43:09',NULL,'Windows 7','Chrome','116.236.210.154',NULL,NULL,NULL,NULL),(6077,NULL,'2016-08-22 15:06:50',NULL,'Mac OS X','Chrome','60.28.121.138',NULL,NULL,NULL,NULL),(6078,NULL,'2016-08-22 15:51:06',NULL,'Windows 7','Chrome 45','210.12.225.129',NULL,NULL,NULL,NULL),(6079,NULL,'2016-08-22 15:59:35',NULL,'Windows 10','Chrome','123.150.252.34',NULL,NULL,NULL,NULL),(6080,NULL,'2016-08-23 08:26:10',NULL,'Windows 8.1','Chrome 45','221.223.233.150',NULL,NULL,NULL,NULL),(6081,NULL,'2016-08-23 09:45:11',NULL,'Windows 8.1','Chrome 45','221.223.233.150',NULL,NULL,NULL,NULL),(6082,NULL,'2016-08-23 11:17:51',NULL,'Windows 7','Chrome 45','223.147.154.30',NULL,NULL,NULL,NULL),(6083,NULL,'2016-08-23 11:17:52',NULL,'Windows 7','Chrome 45','223.147.154.30',NULL,NULL,NULL,NULL),(6084,NULL,'2016-08-23 11:17:59',NULL,'Windows 7','Chrome 45','223.147.154.30',NULL,NULL,NULL,NULL),(6085,NULL,'2016-08-23 11:23:13',NULL,'Windows 7','Chrome 47','218.17.162.170',NULL,NULL,NULL,NULL),(6086,NULL,'2016-08-23 13:02:35',NULL,'Windows 7','Chrome','221.212.95.98',NULL,NULL,NULL,NULL),(6087,NULL,'2016-08-23 13:44:50',NULL,'Android 4.x','Chrome 37','183.162.7.255',NULL,NULL,NULL,NULL),(6088,NULL,'2016-08-23 14:03:48',NULL,'Windows 7','Chrome 45','124.114.150.186',NULL,NULL,NULL,NULL),(6089,NULL,'2016-08-23 14:10:38',NULL,'Windows 7','Firefox','119.130.171.5',NULL,NULL,NULL,NULL),(6090,NULL,'2016-08-23 14:10:52',NULL,'Windows 7','Firefox','119.130.171.5',NULL,NULL,NULL,NULL),(6091,NULL,'2016-08-23 14:11:41',NULL,'Windows 7','Firefox','119.130.171.5',NULL,NULL,NULL,NULL),(6092,NULL,'2016-08-23 14:13:03',NULL,'Windows 8.1','Chrome 45','180.169.33.113',NULL,NULL,NULL,NULL),(6093,NULL,'2016-08-23 16:00:19',NULL,'Windows 7','Chrome 31','111.207.1.90',NULL,NULL,NULL,NULL),(6094,NULL,'2016-08-23 18:07:09',NULL,'Windows 7','Firefox','119.130.171.5',NULL,NULL,NULL,NULL),(6095,NULL,'2016-08-23 18:07:20',NULL,'Windows 7','Firefox','119.130.171.5',NULL,NULL,NULL,NULL),(6096,NULL,'2016-08-24 10:06:42',NULL,'Windows XP','Chrome 47','210.21.53.180',NULL,NULL,NULL,NULL),(6097,NULL,'2016-08-24 10:16:19',NULL,'Windows 10','Chrome 48','218.109.15.245',NULL,NULL,NULL,NULL),(6098,NULL,'2016-08-24 10:41:57',NULL,'Windows 7','Internet Explorer 11','101.36.76.67',NULL,NULL,NULL,NULL),(6099,NULL,'2016-08-24 10:42:05',NULL,'Windows 7','Internet Explorer 11','101.36.76.67',NULL,NULL,NULL,NULL),(6100,NULL,'2016-08-24 12:12:51',NULL,'Windows 10','Chrome','123.125.26.230',NULL,NULL,NULL,NULL),(6101,NULL,'2016-08-24 15:13:47',NULL,'Windows 10','Chrome 48','218.109.15.245',NULL,NULL,NULL,NULL),(6102,NULL,'2016-08-24 16:23:28',NULL,'Windows 10','Chrome','123.150.252.34',NULL,NULL,NULL,NULL),(6103,NULL,'2016-08-24 18:13:46',NULL,'Windows 7','Firefox','119.130.71.138',NULL,NULL,NULL,NULL),(6104,NULL,'2016-08-24 18:14:17',NULL,'Windows 7','Firefox','119.130.71.138',NULL,NULL,NULL,NULL),(6105,NULL,'2016-08-24 22:26:26',NULL,'Windows 10','Firefox','218.249.50.83',NULL,NULL,NULL,NULL),(6106,NULL,'2016-08-24 22:26:29',NULL,'Windows 10','Microsoft Edge','124.126.217.167',NULL,NULL,NULL,NULL),(6107,NULL,'2016-08-24 22:35:54',NULL,'iOS 9 (iPhone)','Apple WebKit','114.243.50.104',NULL,NULL,NULL,NULL),(6108,NULL,'2016-08-24 22:36:09',NULL,'iOS 9 (iPhone)','Apple WebKit','114.243.50.104',NULL,NULL,NULL,NULL),(6109,NULL,'2016-08-24 22:36:12',NULL,'iOS 9 (iPhone)','Apple WebKit','114.243.50.104',NULL,NULL,NULL,NULL),(6110,NULL,'2016-08-25 08:20:11',NULL,'Windows 7','Chrome 45','114.95.122.124',NULL,NULL,NULL,NULL),(6111,NULL,'2016-08-25 14:15:48',NULL,'Windows 10','Chrome','115.197.197.133',NULL,NULL,NULL,NULL),(6112,NULL,'2016-08-25 14:15:58',NULL,'Windows 10','Chrome','115.197.197.133',NULL,NULL,NULL,NULL),(6113,NULL,'2016-08-25 14:29:28',NULL,'Windows 10','Chrome','121.204.219.118',NULL,NULL,NULL,NULL),(6114,NULL,'2016-08-25 14:29:43',NULL,'Windows 10','Chrome','121.204.219.118',NULL,NULL,NULL,NULL),(6115,NULL,'2016-08-25 18:24:56',NULL,'Windows 7','Internet Explorer 8','124.114.43.31',NULL,NULL,NULL,NULL),(6116,NULL,'2016-08-25 18:25:06',NULL,'Windows 7','Internet Explorer 8','124.114.43.31',NULL,NULL,NULL,NULL),(6117,NULL,'2016-08-25 19:48:21',NULL,'Windows 7','Chrome 49','182.148.33.201',NULL,NULL,NULL,NULL),(6118,NULL,'2016-08-25 19:48:45',NULL,'Windows 7','Chrome 49','182.148.33.201',NULL,NULL,NULL,NULL),(6119,NULL,'2016-08-25 21:12:54',NULL,'Windows 10','Firefox','59.108.15.7',NULL,NULL,NULL,NULL),(6120,NULL,'2016-08-25 22:44:12',NULL,'Windows 10','Chrome','124.78.128.209',NULL,NULL,NULL,NULL),(6121,NULL,'2016-08-25 23:21:27',NULL,'Windows 8.1','Chrome 45','111.192.253.159',NULL,NULL,NULL,NULL),(6122,NULL,'2016-08-25 23:21:35',NULL,'Windows 8.1','Chrome 45','111.192.253.159',NULL,NULL,NULL,NULL),(6123,NULL,'2016-08-26 10:18:09',NULL,'Windows 10','Chrome','121.8.210.16',NULL,NULL,NULL,NULL),(6124,NULL,'2016-08-26 10:18:23',NULL,'Windows 10','Chrome','121.8.210.16',NULL,NULL,NULL,NULL),(6125,NULL,'2016-08-26 14:04:33',NULL,'Windows 8.1','Chrome','106.39.123.226',NULL,NULL,NULL,NULL),(6126,NULL,'2016-08-26 14:04:48',NULL,'Windows 7','Chrome 30','219.133.11.115',NULL,NULL,NULL,NULL),(6127,NULL,'2016-08-26 14:07:40',NULL,'Windows XP','Chrome 45','101.226.65.105',NULL,NULL,NULL,NULL),(6128,NULL,'2016-08-26 14:08:37',NULL,'Windows 7','Chrome','116.55.72.12',NULL,NULL,NULL,NULL),(6129,NULL,'2016-08-26 14:18:32',NULL,'Windows 7','Firefox','183.129.165.131',NULL,NULL,NULL,NULL),(6130,NULL,'2016-08-26 15:07:21',NULL,'Windows 7','Firefox','119.130.71.138',NULL,NULL,NULL,NULL),(6131,NULL,'2016-08-26 15:07:32',NULL,'Windows 7','Firefox','119.130.71.138',NULL,NULL,NULL,NULL),(6132,NULL,'2016-08-26 15:30:55',NULL,'Windows 7','Chrome 30','219.133.11.115',NULL,NULL,NULL,NULL),(6133,NULL,'2016-08-26 16:51:44',NULL,'Windows 7','Chrome','119.130.171.38',NULL,NULL,NULL,NULL),(6134,NULL,'2016-08-26 16:51:53',NULL,'Windows 7','Chrome','119.130.171.38',NULL,NULL,NULL,NULL),(6135,NULL,'2016-08-26 17:00:36',NULL,'Windows 7','Chrome 45','61.154.14.122',NULL,NULL,NULL,NULL),(6136,NULL,'2016-08-26 17:00:47',NULL,'Windows 7','Chrome 45','61.154.14.122',NULL,NULL,NULL,NULL),(6137,NULL,'2016-08-26 17:06:23',NULL,'Windows 7','Chrome 45','61.154.14.122',NULL,NULL,NULL,NULL),(6138,NULL,'2016-08-26 21:02:02',NULL,'Android 5.x','Chrome 37','103.3.99.57',NULL,NULL,NULL,NULL),(6139,NULL,'2016-08-26 21:02:04',NULL,'Android 5.x','Chrome 37','117.136.97.14',NULL,NULL,NULL,NULL),(6140,NULL,'2016-08-26 21:02:08',NULL,'Windows 10','Firefox','114.246.78.219',NULL,NULL,NULL,NULL),(6141,NULL,'2016-08-26 21:02:38',NULL,'Windows 7','Chrome 45','183.214.35.110',NULL,NULL,NULL,NULL),(6142,NULL,'2016-08-26 21:02:43',NULL,'Android 5.x','Chrome 37','103.3.99.57',NULL,NULL,NULL,NULL),(6143,NULL,'2016-08-26 21:04:30',NULL,'Windows 8.1','Chrome','211.161.242.148',NULL,NULL,NULL,NULL),(6144,NULL,'2016-08-26 21:15:16',NULL,'Windows 7','Firefox','112.81.194.119',NULL,NULL,NULL,NULL),(6145,NULL,'2016-08-26 21:26:09',NULL,'Mac OS X','Chrome','14.18.62.112',NULL,NULL,NULL,NULL),(6146,NULL,'2016-08-26 21:31:11',NULL,'iOS 9 (iPhone)','Apple WebKit','112.123.240.114',NULL,NULL,NULL,NULL),(6147,NULL,'2016-08-26 22:33:58',NULL,'Windows 7','Chrome','220.249.170.226',NULL,NULL,NULL,NULL),(6148,NULL,'2016-08-26 22:34:16',NULL,'Windows 7','Chrome','220.249.170.226',NULL,NULL,NULL,NULL),(6149,NULL,'2016-08-26 23:58:07',NULL,'Windows 7','Chrome 47','219.133.94.193',NULL,NULL,NULL,NULL),(6150,NULL,'2016-08-28 19:45:35',NULL,'Windows 8.1','Chrome','124.204.239.22',NULL,NULL,NULL,NULL),(6151,NULL,'2016-08-28 21:30:52',NULL,'Windows 8.1','Chrome','124.204.239.22',NULL,NULL,NULL,NULL),(6152,NULL,'2016-08-29 09:06:20',NULL,'Windows 7','Chrome','223.223.204.40',NULL,NULL,NULL,NULL),(6153,NULL,'2016-08-29 09:14:06',NULL,'Windows 7','Chrome 45','223.223.204.40',NULL,NULL,NULL,NULL),(6154,NULL,'2016-08-29 09:14:46',NULL,'Windows 7','Chrome','223.223.204.40',NULL,NULL,NULL,NULL),(6155,NULL,'2016-08-29 09:31:11',NULL,'Windows 7','Chrome 45','223.223.204.40',NULL,NULL,NULL,NULL),(6156,NULL,'2016-08-29 11:51:52',NULL,'Windows 7','Chrome 37','111.204.202.194',NULL,NULL,NULL,NULL),(6157,NULL,'2016-08-29 11:52:07',NULL,'Windows 7','Chrome 37','111.204.202.194',NULL,NULL,NULL,NULL),(6158,NULL,'2016-08-29 15:18:33',NULL,'Windows 7','Chrome 45','223.223.204.40',NULL,NULL,NULL,NULL),(6159,NULL,'2016-08-29 15:53:26',NULL,'Windows 7','Chrome','14.124.109.231',NULL,NULL,NULL,NULL),(6160,NULL,'2016-08-29 15:53:36',NULL,'Windows 7','Chrome','14.124.109.231',NULL,NULL,NULL,NULL),(6161,NULL,'2016-08-29 16:33:38',NULL,'Windows 10','Firefox','210.21.98.70',NULL,NULL,NULL,NULL),(6162,NULL,'2016-08-29 16:34:59',NULL,'Windows 10','Firefox','210.21.98.70',NULL,NULL,NULL,NULL),(6163,NULL,'2016-08-29 20:34:26',NULL,'Windows 7','Chrome','14.124.109.231',NULL,NULL,NULL,NULL),(6164,NULL,'2016-08-29 20:34:35',NULL,'Windows 7','Chrome','14.124.109.231',NULL,NULL,NULL,NULL),(6165,NULL,'2016-08-29 22:04:36',NULL,'Mac OS X','Chrome','121.69.11.49',NULL,NULL,NULL,NULL),(6166,NULL,'2016-08-30 10:48:51',NULL,'Windows 7','Chrome','116.236.210.154',NULL,NULL,NULL,NULL),(6167,NULL,'2016-08-30 10:49:14',NULL,'Windows 7','Chrome','116.236.210.154',NULL,NULL,NULL,NULL),(6168,NULL,'2016-08-30 13:53:04',NULL,'Windows 7','Chrome','116.236.210.154',NULL,NULL,NULL,NULL),(6169,NULL,'2016-08-31 09:41:36',NULL,'Windows 7','Chrome 47','218.17.162.170',NULL,NULL,NULL,NULL),(6170,NULL,'2016-08-31 09:41:44',NULL,'Windows 7','Chrome 47','218.17.162.170',NULL,NULL,NULL,NULL),(6171,NULL,'2016-08-31 09:43:20',NULL,'Windows 7','Chrome','220.112.236.80',NULL,NULL,NULL,NULL),(6172,NULL,'2016-08-31 09:43:27',NULL,'Windows 7','Chrome','220.112.236.80',NULL,NULL,NULL,NULL),(6173,NULL,'2016-08-31 09:51:49',NULL,'Windows 7','Chrome 47','218.17.162.170',NULL,NULL,NULL,NULL),(6174,NULL,'2016-08-31 10:02:57',NULL,'Windows 7','Chrome','220.112.236.80',NULL,NULL,NULL,NULL),(6175,NULL,'2016-08-31 10:09:58',NULL,'Windows 7','Chrome','220.112.236.80',NULL,NULL,NULL,NULL),(6176,NULL,'2016-08-31 11:14:45',NULL,'Windows 7','Chrome 45','220.112.236.80',NULL,NULL,NULL,NULL),(6177,NULL,'2016-08-31 11:29:47',NULL,'Windows 7','Chrome 45','220.112.236.80',NULL,NULL,NULL,NULL),(6178,NULL,'2016-08-31 11:51:49',NULL,'Windows 7','Chrome','220.112.236.80',NULL,NULL,NULL,NULL),(6179,NULL,'2016-08-31 11:57:00',NULL,'Windows 7','Chrome','220.112.236.80',NULL,NULL,NULL,NULL),(6180,NULL,'2016-08-31 13:10:42',NULL,'Windows 10','Chrome 48','218.109.15.245',NULL,NULL,NULL,NULL),(6181,NULL,'2016-08-31 14:11:53',NULL,'Windows 10','Chrome 48','218.109.15.245',NULL,NULL,NULL,NULL),(6182,NULL,'2016-08-31 14:28:38',NULL,'Mac OS X','Chrome','114.248.222.13',NULL,NULL,NULL,NULL),(6183,NULL,'2016-08-31 14:31:59',NULL,'Windows 10','Chrome 48','218.109.15.245',NULL,NULL,NULL,NULL),(6184,NULL,'2016-08-31 16:03:45',NULL,'Windows 10','Chrome','114.234.97.227',NULL,NULL,NULL,NULL),(6185,NULL,'2016-08-31 21:02:07',NULL,'Windows 10','Firefox','210.21.98.70',NULL,NULL,NULL,NULL),(6186,NULL,'2016-08-31 21:02:25',NULL,'Windows 10','Firefox','210.21.98.70',NULL,NULL,NULL,NULL),(6187,NULL,'2016-08-31 21:05:13',NULL,'Windows XP','Chrome 45','180.153.206.22',NULL,NULL,NULL,NULL),(6188,NULL,'2016-09-01 10:33:34',NULL,'Windows 7','Chrome 45','101.81.187.131',NULL,NULL,NULL,NULL),(6189,NULL,'2016-09-01 10:33:49',NULL,'Windows 7','Chrome 45','101.81.187.131',NULL,NULL,NULL,NULL),(6190,NULL,'2016-09-01 14:30:39',NULL,'Windows 10','Chrome','218.205.18.97',NULL,NULL,NULL,NULL),(6191,NULL,'2016-09-01 14:43:18',NULL,'Windows 10','Chrome','115.206.102.70',NULL,NULL,NULL,NULL),(6192,NULL,'2016-09-01 14:54:33',NULL,'Windows 7','Chrome','113.201.47.91',NULL,NULL,NULL,NULL),(6193,NULL,'2016-09-01 14:54:46',NULL,'Windows 7','Chrome','113.201.47.91',NULL,NULL,NULL,NULL),(6194,NULL,'2016-09-01 17:22:01',NULL,'Windows 10','Chrome','116.243.195.118',NULL,NULL,NULL,NULL),(6195,NULL,'2016-09-01 17:23:38',NULL,'Windows 10','Chrome','218.70.35.19',NULL,NULL,NULL,NULL),(6196,NULL,'2016-09-01 17:24:29',NULL,'Windows 10','Chrome','218.70.35.19',NULL,NULL,NULL,NULL),(6197,NULL,'2016-09-01 17:25:44',NULL,'Windows 7','Chrome','113.76.144.254',NULL,NULL,NULL,NULL),(6198,NULL,'2016-09-01 17:25:54',NULL,'Windows 7','Chrome','113.76.144.254',NULL,NULL,NULL,NULL),(6199,NULL,'2016-09-01 17:33:12',NULL,'Windows 7','Chrome','113.76.144.254',NULL,NULL,NULL,NULL),(6200,NULL,'2016-09-01 17:33:15',NULL,'Windows 7','Chrome','113.76.144.254',NULL,NULL,NULL,NULL),(6201,NULL,'2016-09-01 17:33:19',NULL,'Windows 7','Chrome','113.76.144.254',NULL,NULL,NULL,NULL),(6202,NULL,'2016-09-01 17:34:29',NULL,'Windows 7','Chrome','113.76.144.254',NULL,NULL,NULL,NULL),(6203,NULL,'2016-09-01 17:34:31',NULL,'Windows 7','Chrome','113.76.144.254',NULL,NULL,NULL,NULL),(6204,NULL,'2016-09-01 17:34:56',NULL,'Windows 7','Chrome','113.76.144.254',NULL,NULL,NULL,NULL),(6205,NULL,'2016-09-01 17:35:48',NULL,'Windows 7','Chrome','125.84.236.132',NULL,NULL,NULL,NULL),(6206,NULL,'2016-09-01 17:42:10',NULL,'Windows 10','Chrome','116.243.195.118',NULL,NULL,NULL,NULL),(6207,NULL,'2016-09-01 17:42:34',NULL,'Windows 7','Chrome','125.84.236.132',NULL,NULL,NULL,NULL),(6208,NULL,'2016-09-01 17:42:38',NULL,'Windows 7','Chrome','113.76.144.254',NULL,NULL,NULL,NULL),(6209,NULL,'2016-09-01 17:42:49',NULL,'Windows 10','Chrome','116.243.195.118',NULL,NULL,NULL,NULL),(6210,NULL,'2016-09-01 18:09:02',NULL,'iOS 9 (iPhone)','Apple WebKit','163.204.183.195',NULL,NULL,NULL,NULL),(6211,NULL,'2016-09-01 19:09:33',NULL,'Windows 7','Chrome','125.84.236.132',NULL,NULL,NULL,NULL),(6212,NULL,'2016-09-01 19:15:50',NULL,'Windows 7','Chrome','125.84.236.132',NULL,NULL,NULL,NULL),(6213,NULL,'2016-09-01 19:16:23',NULL,'Windows 7','Chrome','125.84.236.132',NULL,NULL,NULL,NULL),(6214,NULL,'2016-09-01 19:17:09',NULL,'Windows 7','Chrome','125.84.236.132',NULL,NULL,NULL,NULL),(6215,NULL,'2016-09-01 19:19:46',NULL,'Windows 7','Firefox','125.84.236.132',NULL,NULL,NULL,NULL),(6216,NULL,'2016-09-01 19:21:58',NULL,'Windows 7','Firefox','125.84.238.75',NULL,NULL,NULL,NULL),(6217,NULL,'2016-09-01 19:26:27',NULL,'Windows 10','Chrome','222.204.1.6',NULL,NULL,NULL,NULL),(6218,NULL,'2016-09-01 20:12:17',NULL,'Windows 7','Firefox','125.84.236.132',NULL,NULL,NULL,NULL),(6219,NULL,'2016-09-02 09:42:29',NULL,'Windows 10','Chrome','106.2.212.190',NULL,NULL,NULL,NULL),(6220,NULL,'2016-09-02 09:42:42',NULL,'Windows 10','Chrome','106.2.212.190',NULL,NULL,NULL,NULL),(6221,NULL,'2016-09-02 09:43:53',NULL,'Windows 8.1','Firefox','106.2.212.190',NULL,NULL,NULL,NULL),(6222,NULL,'2016-09-02 09:44:46',NULL,'Windows 8.1','Firefox','106.2.212.190',NULL,NULL,NULL,NULL),(6223,NULL,'2016-09-02 09:47:07',NULL,'Windows 10','Chrome','106.2.212.190',NULL,NULL,NULL,NULL),(6224,NULL,'2016-09-02 09:50:53',NULL,'Windows 10','Chrome','106.2.212.190',NULL,NULL,NULL,NULL),(6225,NULL,'2016-09-02 09:51:12',NULL,'Windows 10','Chrome','106.2.212.190',NULL,NULL,NULL,NULL),(6226,NULL,'2016-09-02 09:52:16',NULL,'Windows 10','Chrome','106.2.212.190',NULL,NULL,NULL,NULL),(6227,NULL,'2016-09-02 11:18:14',NULL,'Windows 10','Chrome','106.2.212.190',NULL,NULL,NULL,NULL),(6228,NULL,'2016-09-02 13:08:45',NULL,'Windows 10','Chrome','116.243.195.118',NULL,NULL,NULL,NULL),(6229,NULL,'2016-09-02 16:23:22',NULL,'Windows 7','Chrome','36.5.103.54',NULL,NULL,NULL,NULL),(6230,NULL,'2016-09-02 18:12:15',NULL,'Windows 7','Chrome','113.76.144.254',NULL,NULL,NULL,NULL),(6231,NULL,'2016-09-03 19:46:10',NULL,'Windows 10','Chrome 46','183.38.0.236',NULL,NULL,NULL,NULL),(6232,NULL,'2016-09-03 22:03:04',NULL,'Windows 10','Chrome','112.5.236.91',NULL,NULL,NULL,NULL),(6233,NULL,'2016-09-04 18:54:11',NULL,'Windows 10','Chrome','140.255.136.131',NULL,NULL,NULL,NULL),(6234,NULL,'2016-09-04 19:47:47',NULL,'Windows 10','Chrome','117.73.146.182',NULL,NULL,NULL,NULL),(6235,NULL,'2016-09-04 20:46:35',NULL,'Windows 7','Internet Explorer 9','222.128.117.57',NULL,NULL,NULL,NULL),(6236,NULL,'2016-09-05 15:03:38',NULL,'Windows 7','Chrome','116.226.107.255',NULL,NULL,NULL,NULL),(6237,NULL,'2016-09-05 15:04:31',NULL,'Windows 7','Chrome','116.226.107.255',NULL,NULL,NULL,NULL),(6238,NULL,'2016-09-05 17:32:51',NULL,'Windows 7','Chrome','120.132.95.85',NULL,NULL,NULL,NULL),(6239,NULL,'2016-09-05 17:33:14',NULL,'Windows 7','Chrome','120.132.95.85',NULL,NULL,NULL,NULL),(6240,NULL,'2016-09-05 17:33:15',NULL,'Windows 7','Chrome','120.132.95.85',NULL,NULL,NULL,NULL),(6241,NULL,'2016-09-05 17:33:15',NULL,'Windows 7','Chrome','120.132.95.85',NULL,NULL,NULL,NULL),(6242,NULL,'2016-09-05 17:50:36',NULL,'Windows 10','Chrome','101.81.227.113',NULL,NULL,NULL,NULL),(6243,NULL,'2016-09-05 17:52:24',NULL,'Windows 10','Chrome','101.81.227.113',NULL,NULL,NULL,NULL),(6244,NULL,'2016-09-05 17:55:12',NULL,'Windows 10','Chrome','116.243.195.118',NULL,NULL,NULL,NULL),(6245,NULL,'2016-09-05 17:55:50',NULL,'Windows 10','Chrome','116.243.195.118',NULL,NULL,NULL,NULL),(6246,NULL,'2016-09-05 17:57:31',NULL,'Windows 10','Chrome','116.243.195.118',NULL,NULL,NULL,NULL),(6247,NULL,'2016-09-05 17:58:13',NULL,'Windows 10','Chrome','116.243.195.118',NULL,NULL,NULL,NULL),(6248,NULL,'2016-09-05 18:41:27',NULL,'Windows 8.1','Chrome 47','223.72.98.206',NULL,NULL,NULL,NULL),(6249,NULL,'2016-09-06 11:17:40',NULL,'Windows 10','Chrome','106.2.212.190',NULL,NULL,NULL,NULL),(6250,NULL,'2016-09-06 11:17:48',NULL,'Windows 10','Chrome','106.2.212.190',NULL,NULL,NULL,NULL),(6251,NULL,'2016-09-06 11:37:20',NULL,'Windows 10','Chrome','106.2.212.190',NULL,NULL,NULL,NULL),(6252,NULL,'2016-09-06 14:26:32',NULL,'Windows 7','Chrome 48','111.40.19.209',NULL,NULL,NULL,NULL),(6253,NULL,'2016-09-06 14:27:33',NULL,'Windows 10','Chrome','115.183.253.136',NULL,NULL,NULL,NULL),(6254,NULL,'2016-09-06 14:28:45',NULL,'Windows 10','Chrome 45','124.205.39.138',NULL,NULL,NULL,NULL),(6255,NULL,'2016-09-06 14:30:49',NULL,'Windows 7','Chrome 45','116.211.105.92',NULL,NULL,NULL,NULL),(6256,NULL,'2016-09-06 14:32:42',NULL,'Windows 7','Chrome 47','61.178.9.86',NULL,NULL,NULL,NULL),(6257,NULL,'2016-09-06 14:35:48',NULL,'Windows XP','Chrome 45','101.226.99.197',NULL,NULL,NULL,NULL),(6258,NULL,'2016-09-06 14:40:52',NULL,'Windows 10','Chrome','115.183.253.136',NULL,NULL,NULL,NULL),(6259,NULL,'2016-09-06 14:41:02',NULL,'Windows 10','Chrome','115.183.253.136',NULL,NULL,NULL,NULL),(6260,NULL,'2016-09-06 14:41:04',NULL,'Windows 10','Chrome','115.183.253.136',NULL,NULL,NULL,NULL),(6261,NULL,'2016-09-06 14:41:40',NULL,'Android 4.x','Chrome Mobile','182.108.11.195',NULL,NULL,NULL,NULL),(6262,NULL,'2016-09-06 14:42:20',NULL,'Windows 10','Chrome','115.183.253.136',NULL,NULL,NULL,NULL),(6263,NULL,'2016-09-06 15:06:45',NULL,'Windows 7','Chrome 47','222.66.154.84',NULL,NULL,NULL,NULL),(6264,NULL,'2016-09-06 15:09:16',NULL,'Windows 7','Chrome','113.76.145.224',NULL,NULL,NULL,NULL),(6265,NULL,'2016-09-06 15:09:27',NULL,'Windows 7','Chrome','113.76.145.224',NULL,NULL,NULL,NULL),(6266,NULL,'2016-09-06 15:09:35',NULL,'Windows 7','Chrome','113.76.145.224',NULL,NULL,NULL,NULL),(6267,NULL,'2016-09-06 15:09:41',NULL,'Windows 7','Chrome','113.76.145.224',NULL,NULL,NULL,NULL),(6268,NULL,'2016-09-06 15:09:49',NULL,'Windows 7','Chrome','113.76.145.224',NULL,NULL,NULL,NULL),(6269,NULL,'2016-09-06 15:09:54',NULL,'Windows 7','Chrome','113.76.145.224',NULL,NULL,NULL,NULL),(6270,NULL,'2016-09-07 15:19:28',NULL,'Windows 10','Chrome','115.183.253.136',NULL,NULL,NULL,NULL),(6271,NULL,'2016-09-07 15:19:41',NULL,'Windows 10','Chrome','115.183.253.136',NULL,NULL,NULL,NULL),(6272,NULL,'2016-09-07 15:21:37',NULL,'Windows 7','Chrome 47','222.44.31.156',NULL,NULL,NULL,NULL),(6273,NULL,'2016-09-07 15:21:49',NULL,'Windows 7','Chrome 47','115.195.34.47',NULL,NULL,NULL,NULL),(6274,NULL,'2016-09-07 15:22:42',NULL,'Windows 7','Chrome 45','113.12.195.21',NULL,NULL,NULL,NULL),(6275,NULL,'2016-09-07 17:00:18',NULL,'Windows 10','Chrome','115.183.253.136',NULL,NULL,NULL,NULL),(6276,NULL,'2016-09-07 20:28:58',NULL,'Windows 7','Chrome 45','114.95.122.124',NULL,NULL,NULL,NULL),(6277,NULL,'2016-09-07 20:30:15',NULL,'Windows 7','Chrome','114.95.122.124',NULL,NULL,NULL,NULL),(6278,NULL,'2016-09-07 20:30:25',NULL,'Windows 7','Chrome 38','114.95.122.124',NULL,NULL,NULL,NULL),(6279,NULL,'2016-09-07 20:30:54',NULL,'Windows 7','Chrome','114.95.122.124',NULL,NULL,NULL,NULL),(6280,NULL,'2016-09-07 20:51:28',NULL,'Windows 10','Chrome 47','218.83.35.93',NULL,NULL,NULL,NULL),(6281,NULL,'2016-09-07 20:57:54',NULL,'iOS 9 (iPhone)','Apple WebKit','116.225.34.232',NULL,NULL,NULL,NULL),(6282,NULL,'2016-09-08 09:14:21',NULL,'Windows 10','Chrome','106.2.212.190',NULL,NULL,NULL,NULL),(6283,NULL,'2016-09-08 10:16:19',NULL,'Windows 10','Chrome','183.62.60.90',NULL,NULL,NULL,NULL),(6284,NULL,'2016-09-08 10:18:56',NULL,'Windows 10','Chrome','106.2.212.190',NULL,NULL,NULL,NULL),(6285,NULL,'2016-09-08 10:21:44',NULL,'Windows 10','Chrome','106.2.212.190',NULL,NULL,NULL,NULL),(6286,NULL,'2016-09-08 11:13:56',NULL,'Windows 8.1','Chrome 47','124.205.237.74',NULL,NULL,NULL,NULL),(6287,NULL,'2016-09-08 11:31:07',NULL,'Windows 10','Chrome','115.192.57.182',NULL,NULL,NULL,NULL),(6288,NULL,'2016-09-08 11:45:48',NULL,'Windows 7','Opera','223.68.186.77',NULL,NULL,NULL,NULL),(6289,NULL,'2016-09-08 13:36:24',NULL,'Windows 7','Chrome','103.38.232.99',NULL,NULL,NULL,NULL),(6290,NULL,'2016-09-08 13:41:24',NULL,'Windows 10','Chrome','106.2.212.190',NULL,NULL,NULL,NULL),(6291,NULL,'2016-09-08 14:04:43',NULL,'Windows 7','Chrome','103.38.232.99',NULL,NULL,NULL,NULL),(6292,NULL,'2016-09-08 15:27:11',NULL,'Windows 10','Chrome','106.2.212.190',NULL,NULL,NULL,NULL),(6293,NULL,'2016-09-08 16:33:54',NULL,'Windows 7','Chrome','113.57.160.51',NULL,NULL,NULL,NULL),(6294,NULL,'2016-09-08 19:36:22',NULL,'Windows 10','Chrome','114.247.236.226',NULL,NULL,NULL,NULL),(6295,NULL,'2016-09-08 19:40:24',NULL,'Windows 10','Chrome','123.59.3.113',NULL,NULL,NULL,NULL),(6296,NULL,'2016-09-08 19:40:52',NULL,'Windows 10','Chrome','114.247.236.226',NULL,NULL,NULL,NULL),(6297,NULL,'2016-09-08 21:15:29',NULL,'iOS 9 (iPhone)','Apple WebKit','59.108.15.16',NULL,NULL,NULL,NULL),(6298,NULL,'2016-09-09 09:16:04',NULL,'Windows 7','Chrome 47','222.44.31.156',NULL,NULL,NULL,NULL),(6299,NULL,'2016-09-09 09:24:28',NULL,'Windows 7','Chrome 47','222.44.31.156',NULL,NULL,NULL,NULL),(6300,NULL,'2016-09-09 09:36:52',NULL,'Windows 10','Chrome','106.2.212.190',NULL,NULL,NULL,NULL),(6301,NULL,'2016-09-09 10:11:37',NULL,'Windows 7','Chrome','118.113.68.141',NULL,NULL,NULL,NULL),(6302,NULL,'2016-09-09 10:41:07',NULL,'Windows 7','Internet Explorer 11','222.191.235.230',NULL,NULL,NULL,NULL),(6303,NULL,'2016-09-09 10:45:30',NULL,'Windows 10','Chrome 45','117.22.252.114',NULL,NULL,NULL,NULL),(6304,NULL,'2016-09-09 10:51:17',NULL,'Windows 7','Chrome','175.25.175.125',NULL,NULL,NULL,NULL),(6305,NULL,'2016-09-09 10:52:33',NULL,'Windows 10','Chrome','140.207.1.42',NULL,NULL,NULL,NULL),(6306,NULL,'2016-09-09 10:55:05',NULL,'Windows 7','Chrome','36.110.68.19',NULL,NULL,NULL,NULL),(6307,NULL,'2016-09-09 11:00:35',NULL,'Windows 10','Chrome','115.183.253.136',NULL,NULL,NULL,NULL),(6308,NULL,'2016-09-09 11:03:30',NULL,'Windows 10','Microsoft Edge 13','220.163.121.85',NULL,NULL,NULL,NULL),(6309,NULL,'2016-09-09 11:04:03',NULL,'Windows 10','Microsoft Edge 13','220.163.121.85',NULL,NULL,NULL,NULL),(6310,NULL,'2016-09-09 12:53:43',NULL,'Windows 7','Firefox','113.76.33.144',NULL,NULL,NULL,NULL),(6311,NULL,'2016-09-09 12:56:41',NULL,'Windows 7','Firefox','113.76.33.144',NULL,NULL,NULL,NULL),(6312,NULL,'2016-09-09 13:00:00',NULL,'Windows 7','Firefox','113.76.33.144',NULL,NULL,NULL,NULL),(6313,NULL,'2016-09-09 13:17:45',NULL,'Windows 7','Firefox','113.76.33.144',NULL,NULL,NULL,NULL),(6314,NULL,'2016-09-09 14:25:05',NULL,'Windows 10','Chrome','115.183.253.136',NULL,NULL,NULL,NULL),(6315,NULL,'2016-09-09 14:34:47',NULL,'Windows 10','Chrome','115.183.253.136',NULL,NULL,NULL,NULL),(6316,NULL,'2016-09-09 14:41:06',NULL,'Android 5.x','Chrome 37','223.73.56.141',NULL,NULL,NULL,NULL),(6317,NULL,'2016-09-09 14:41:09',NULL,'Windows 7','Chrome','116.236.210.154',NULL,NULL,NULL,NULL),(6318,NULL,'2016-09-09 14:41:49',NULL,'Windows 7','Internet Explorer 8','116.236.210.154',NULL,NULL,NULL,NULL),(6319,NULL,'2016-09-09 14:42:32',NULL,'Windows 10','Chrome 46','183.14.161.103',NULL,NULL,NULL,NULL),(6320,NULL,'2016-09-09 14:42:38',NULL,'Windows 10','Chrome 46','183.14.161.103',NULL,NULL,NULL,NULL),(6321,NULL,'2016-09-09 14:42:53',NULL,'Windows 7','Firefox','116.236.210.154',NULL,NULL,NULL,NULL),(6322,NULL,'2016-09-09 14:43:04',NULL,'Windows 7','Chrome 45','111.172.35.189',NULL,NULL,NULL,NULL),(6323,NULL,'2016-09-09 14:43:42',NULL,'Windows 10','Chrome 46','183.14.161.103',NULL,NULL,NULL,NULL),(6324,NULL,'2016-09-09 14:47:12',NULL,'Windows 7','Chrome','14.117.32.122',NULL,NULL,NULL,NULL),(6325,NULL,'2016-09-09 14:57:02',NULL,'Mac OS X','Chrome','115.33.31.80',NULL,NULL,NULL,NULL),(6326,NULL,'2016-09-09 14:57:09',NULL,'Windows 7','Chrome','121.69.13.182',NULL,NULL,NULL,NULL),(6327,NULL,'2016-09-09 14:57:15',NULL,'Mac OS X','Chrome','115.33.31.80',NULL,NULL,NULL,NULL),(6328,NULL,'2016-09-09 14:57:17',NULL,'Mac OS X','Chrome','115.33.31.80',NULL,NULL,NULL,NULL),(6329,NULL,'2016-09-09 14:57:20',NULL,'Mac OS X','Chrome','115.33.31.80',NULL,NULL,NULL,NULL),(6330,NULL,'2016-09-09 14:57:29',NULL,'Mac OS X','Chrome','115.33.31.80',NULL,NULL,NULL,NULL),(6331,NULL,'2016-09-09 14:57:56',NULL,'Mac OS X','Chrome','115.33.31.80',NULL,NULL,NULL,NULL),(6332,NULL,'2016-09-09 14:57:59',NULL,'Mac OS X','Chrome','115.33.31.80',NULL,NULL,NULL,NULL),(6333,NULL,'2016-09-09 14:58:08',NULL,'Mac OS X','Chrome','115.33.31.80',NULL,NULL,NULL,NULL),(6334,NULL,'2016-09-09 15:03:09',NULL,'Windows 10','Chrome','115.183.253.136',NULL,NULL,NULL,NULL),(6335,NULL,'2016-09-09 15:03:31',NULL,'Windows 10','Chrome 47','123.125.90.168',NULL,NULL,NULL,NULL),(6336,NULL,'2016-09-09 15:04:40',NULL,'Windows 10','Firefox','58.216.99.84',NULL,NULL,NULL,NULL),(6337,NULL,'2016-09-09 15:04:46',NULL,'Windows 10','Firefox','58.216.99.84',NULL,NULL,NULL,NULL),(6338,NULL,'2016-09-09 15:05:14',NULL,'Windows 10','Chrome','115.183.253.136',NULL,NULL,NULL,NULL),(6339,NULL,'2016-09-09 15:05:48',NULL,'Windows 7','Chrome 47','211.138.251.70',NULL,NULL,NULL,NULL),(6340,NULL,'2016-09-09 15:06:28',NULL,'Windows 10','Chrome','115.183.253.136',NULL,NULL,NULL,NULL),(6341,NULL,'2016-09-09 15:06:51',NULL,'Windows 7','Firefox','211.138.251.70',NULL,NULL,NULL,NULL),(6342,NULL,'2016-09-09 15:09:19',NULL,'Windows 7','Chrome','113.76.243.201',NULL,NULL,NULL,NULL),(6343,NULL,'2016-09-09 15:13:30',NULL,'Windows 10','Chrome','115.183.253.136',NULL,NULL,NULL,NULL),(6344,NULL,'2016-09-09 15:31:14',NULL,'Windows 7','Opera 12','124.206.243.251',NULL,NULL,NULL,NULL),(6345,NULL,'2016-09-09 15:33:02',NULL,'Windows 7','Firefox','61.183.152.196',NULL,NULL,NULL,NULL),(6346,NULL,'2016-09-09 15:43:03',NULL,'Windows 7','Chrome 31','1.202.3.144',NULL,NULL,NULL,NULL),(6347,NULL,'2016-09-09 15:53:57',NULL,'Android 4.x','Chrome Mobile','10.99.219.17',NULL,NULL,NULL,NULL),(6348,NULL,'2016-09-09 16:33:44',NULL,'Windows 7','Chrome','124.200.181.74',NULL,NULL,NULL,NULL),(6349,NULL,'2016-09-09 16:35:11',NULL,'Windows 7','Chrome','124.200.181.74',NULL,NULL,NULL,NULL),(6350,NULL,'2016-09-09 17:40:59',NULL,'Windows 7','Chrome 45','101.229.40.49',NULL,NULL,NULL,NULL),(6351,NULL,'2016-09-09 18:08:11',NULL,'Windows 7','Chrome 47','106.37.199.66',NULL,NULL,NULL,NULL),(6352,NULL,'2016-09-09 18:14:50',NULL,'Windows 7','Chrome 47','60.211.167.2',NULL,NULL,NULL,NULL),(6353,NULL,'2016-09-09 18:15:56',NULL,'Windows 7','Firefox','60.211.167.2',NULL,NULL,NULL,NULL),(6354,NULL,'2016-09-09 18:30:30',NULL,'Windows 7','Firefox','60.211.167.2',NULL,NULL,NULL,NULL),(6355,NULL,'2016-09-09 21:18:31',NULL,'Windows 7','Chrome','116.232.168.239',NULL,NULL,NULL,NULL),(6356,NULL,'2016-09-10 22:41:37',NULL,'Windows 10','Chrome 47','106.7.170.200',NULL,NULL,NULL,NULL),(6357,NULL,'2016-09-10 22:41:54',NULL,'Windows 10','Chrome 47','106.7.170.200',NULL,NULL,NULL,NULL),(6358,NULL,'2016-09-11 16:17:23',NULL,'Mac OS X','Chrome','124.204.241.130',NULL,NULL,NULL,NULL),(6359,NULL,'2016-09-11 16:17:34',NULL,'Mac OS X','Chrome','124.204.241.130',NULL,NULL,NULL,NULL),(6360,NULL,'2016-09-11 16:17:45',NULL,'Mac OS X','Chrome','124.204.241.130',NULL,NULL,NULL,NULL),(6361,NULL,'2016-09-11 21:54:51',NULL,'Mac OS X','Chrome','124.204.241.130',NULL,NULL,NULL,NULL),(6362,NULL,'2016-09-11 23:38:07',NULL,'Windows 7','Chrome 45','58.101.108.121',NULL,NULL,NULL,NULL),(6363,NULL,'2016-09-12 09:15:02',NULL,'Windows 7','Firefox','118.122.122.192',NULL,NULL,NULL,NULL),(6364,NULL,'2016-10-10 15:58:14',NULL,'Windows 10','Chrome','127.0.0.1',NULL,NULL,NULL,NULL);

/*Table structure for table `system_role` */

DROP TABLE IF EXISTS `system_role`;

CREATE TABLE `system_role` (
  `ID` int(11) NOT NULL AUTO_INCREMENT,
  `NAME` varchar(20) NOT NULL,
  `ROLE_CODE` varchar(20) NOT NULL,
  `DESCRIPTION` text,
  `SORT` smallint(6) DEFAULT NULL,
  `DEL_FLAG` varchar(255) DEFAULT NULL,
  PRIMARY KEY (`ID`)
) ENGINE=InnoDB AUTO_INCREMENT=15 DEFAULT CHARSET=utf8;

/*Data for the table `system_role` */

insert  into `system_role`(`ID`,`NAME`,`ROLE_CODE`,`DESCRIPTION`,`SORT`,`DEL_FLAG`) values (1,'admin','admin','admin',2,NULL),(13,'superadmin','superadmin','Ë∂ÖÁ∫ßÁÆ°ÁêÜÂëò',1,NULL),(14,'cs','cs','cs',NULL,NULL);

/*Table structure for table `system_role_permission` */

DROP TABLE IF EXISTS `system_role_permission`;

CREATE TABLE `system_role_permission` (
  `ID` int(11) NOT NULL AUTO_INCREMENT,
  `ROLE_ID` int(11) DEFAULT NULL,
  `PERMISSION_ID` int(11) DEFAULT NULL,
  PRIMARY KEY (`ID`),
  KEY `FK_ROLE_PER_REFERENCE_PERMISSI` (`PERMISSION_ID`) USING BTREE,
  KEY `FK_ROLE_PER_REFERENCE_ROLE` (`ROLE_ID`) USING BTREE,
  CONSTRAINT `system_role_permission_ibfk_1` FOREIGN KEY (`PERMISSION_ID`) REFERENCES `permission` (`ID`),
  CONSTRAINT `system_role_permission_ibfk_2` FOREIGN KEY (`ROLE_ID`) REFERENCES `system_role` (`ID`)
) ENGINE=InnoDB AUTO_INCREMENT=3275 DEFAULT CHARSET=utf8;

/*Data for the table `system_role_permission` */

insert  into `system_role_permission`(`ID`,`ROLE_ID`,`PERMISSION_ID`) values (2616,1,79),(2617,1,80),(2618,1,106),(2619,1,107),(2627,1,131),(2631,1,122),(2632,1,123),(2633,1,1),(2634,1,2),(2635,1,3),(2636,1,12),(2637,1,39),(2638,1,15),(2639,1,14),(2640,1,37),(2641,1,92),(2642,1,130),(2807,14,79),(2808,14,93),(2809,14,94),(2810,14,114),(2811,14,115),(2812,14,116),(2813,14,80),(2814,14,95),(2815,14,96),(2816,14,117),(2817,14,1),(2818,14,3),(2819,14,7),(2820,14,97),(2821,14,98),(2822,14,2),(2823,14,4),(2824,14,99),(2825,14,39),(2826,14,45),(2827,14,58),(2828,14,59),(2829,14,70),(2830,14,100),(2831,14,101),(2832,14,102),(2833,14,12),(2834,14,103),(2835,14,104),(2836,14,105),(2837,14,15),(2838,14,37),(2839,14,108),(2840,14,109),(2841,14,111),(2842,14,112),(2843,14,113),(2844,14,92),(2845,14,110),(2846,14,130),(2847,14,14),(3227,13,106),(3228,13,107),(3229,13,131),(3230,13,122),(3231,13,123),(3232,13,132),(3233,13,133),(3234,13,136),(3235,13,134),(3236,13,135),(3237,13,141),(3238,13,137),(3239,13,138),(3240,13,139),(3241,13,140),(3242,13,1),(3243,13,2),(3244,13,4),(3245,13,99),(3246,13,3),(3247,13,7),(3248,13,97),(3249,13,98),(3250,13,12),(3251,13,103),(3252,13,104),(3253,13,105),(3254,13,39),(3255,13,45),(3256,13,58),(3257,13,59),(3258,13,70),(3259,13,100),(3260,13,101),(3261,13,102),(3262,13,142),(3263,13,15),(3264,13,14),(3265,13,37),(3266,13,108),(3267,13,109),(3268,13,111),(3269,13,112),(3270,13,113),(3271,13,92),(3272,13,110),(3273,13,130),(3274,13,143);

/*Table structure for table `system_user` */

DROP TABLE IF EXISTS `system_user`;

CREATE TABLE `system_user` (
  `ID` int(11) NOT NULL AUTO_INCREMENT,
  `NAME` varchar(20) NOT NULL,
  `PASSWORD` varchar(255) NOT NULL,
  `SALT` varchar(255) DEFAULT NULL,
  `BIRTHDAY` datetime DEFAULT NULL,
  `GENDER` smallint(6) DEFAULT NULL,
  `EMAIL` varchar(255) DEFAULT NULL,
  `PHONE` varchar(20) DEFAULT NULL,
  `ICON` varchar(500) DEFAULT NULL,
  `CREATE_DATE` datetime DEFAULT NULL,
  `STATE` char(1) DEFAULT NULL,
  `DESCRIPTION` text,
  `LOGIN_COUNT` int(11) DEFAULT NULL,
  `PREVIOUS_VISIT` datetime DEFAULT NULL,
  `LAST_VISIT` datetime DEFAULT NULL,
  `DEL_FLAG` varchar(1) DEFAULT NULL,
  PRIMARY KEY (`ID`)
) ENGINE=InnoDB AUTO_INCREMENT=7 DEFAULT CHARSET=utf8;

/*Data for the table `system_user` */

insert  into `system_user`(`ID`,`NAME`,`PASSWORD`,`SALT`,`BIRTHDAY`,`GENDER`,`EMAIL`,`PHONE`,`ICON`,`CREATE_DATE`,`STATE`,`DESCRIPTION`,`LOGIN_COUNT`,`PREVIOUS_VISIT`,`LAST_VISIT`,`DEL_FLAG`) values (1,'admin','e10adc3949ba59abbe56e057f20f883e','3d06a5c14d010804','2014-03-16 22:44:39',1,'779205344@qq.com','123456789','aaa','2014-03-20 14:38:57','0','ÊôÆÈÄöÁÆ°ÁêÜÂëò',131,'2015-01-22 15:51:46','2015-01-22 16:49:13',NULL),(6,'super','36bebf9f705f2582242853024b3a52d6','97efb48ee6adff63','2015-01-15 00:00:00',1,'779205344@qq.com','13721035120',NULL,'2015-01-15 15:55:37',NULL,'Ë∂ÖÁ∫ßÁÆ°ÁêÜÂëò',NULL,NULL,NULL,NULL);

/*Table structure for table `system_user_role` */

DROP TABLE IF EXISTS `system_user_role`;

CREATE TABLE `system_user_role` (
  `ID` int(11) NOT NULL AUTO_INCREMENT,
  `USER_ID` int(11) NOT NULL,
  `ROLE_ID` int(11) NOT NULL,
  PRIMARY KEY (`ID`),
  KEY `FK_USER_ROL_REFERENCE_ROLE` (`ROLE_ID`) USING BTREE,
  KEY `FK_USER_ROL_REFERENCE_USERS` (`USER_ID`) USING BTREE,
  CONSTRAINT `system_user_role_ibfk_1` FOREIGN KEY (`ROLE_ID`) REFERENCES `system_role` (`ID`),
  CONSTRAINT `system_user_role_ibfk_2` FOREIGN KEY (`USER_ID`) REFERENCES `system_user` (`ID`)
) ENGINE=InnoDB AUTO_INCREMENT=3 DEFAULT CHARSET=utf8;

/*Data for the table `system_user_role` */

insert  into `system_user_role`(`ID`,`USER_ID`,`ROLE_ID`) values (1,1,1),(2,6,13);

/*Table structure for table `weixin_account` */

DROP TABLE IF EXISTS `weixin_account`;

CREATE TABLE `weixin_account` (
  `ID` varchar(36) NOT NULL,
  `ACCOUNTACCESSTOKEN` longtext,
  `ACCOUNTAPPID` varchar(200) DEFAULT NULL,
  `ACCOUNTAPPSECRET` longtext,
  `ACCOUNTDESC` longtext,
  `ACCOUNTEMAIL` varchar(200) DEFAULT NULL,
  `ACCOUNTNAME` varchar(200) DEFAULT NULL,
  `ACCOUNTNUMBER` varchar(200) DEFAULT NULL,
  `ACCOUNTTOKEN` varchar(200) DEFAULT NULL,
  `ACCOUNTTYPE` varchar(50) DEFAULT NULL,
  `ADDTOEKNTIME` datetime DEFAULT NULL,
  `USERNAME` varchar(50) DEFAULT NULL,
  `weixin_accountid` varchar(255) DEFAULT NULL,
  PRIMARY KEY (`ID`)
) ENGINE=InnoDB DEFAULT CHARSET=utf8;

/*Data for the table `weixin_account` */

insert  into `weixin_account`(`ID`,`ACCOUNTACCESSTOKEN`,`ACCOUNTAPPID`,`ACCOUNTAPPSECRET`,`ACCOUNTDESC`,`ACCOUNTEMAIL`,`ACCOUNTNAME`,`ACCOUNTNUMBER`,`ACCOUNTTOKEN`,`ACCOUNTTYPE`,`ADDTOEKNTIME`,`USERNAME`,`weixin_accountid`) values ('1111','Javen','wxacf3bef8db5849b8','1d51ab8db83ed2bf572f410d26e0d28f',NULL,NULL,NULL,NULL,'Javen',NULL,NULL,'admin','gh_d371fb2d77dc'),('2222','dev',NULL,NULL,NULL,NULL,NULL,NULL,'dev',NULL,NULL,NULL,NULL);

/*Table structure for table `weixin_menuentity` */

DROP TABLE IF EXISTS `weixin_menuentity`;

CREATE TABLE `weixin_menuentity` (
  `ID` varchar(32) NOT NULL,
  `accountid` varchar(255) DEFAULT NULL,
  `menukey` varchar(255) DEFAULT NULL,
  `msgtype` varchar(255) DEFAULT NULL,
  `name` varchar(255) DEFAULT NULL,
  `orders` varchar(255) DEFAULT NULL,
  `templateid` varchar(255) DEFAULT NULL,
  `type` varchar(255) DEFAULT NULL,
  `url` varchar(255) DEFAULT NULL,
  `fatherid` varchar(32) DEFAULT NULL,
  PRIMARY KEY (`ID`),
  KEY `FK_astulwpsla864at9igbas3eic` (`fatherid`),
  CONSTRAINT `FK_astulwpsla864at9igbas3eic` FOREIGN KEY (`fatherid`) REFERENCES `weixin_menuentity` (`ID`)
) ENGINE=InnoDB DEFAULT CHARSET=utf8;

/*Data for the table `weixin_menuentity` */

insert  into `weixin_menuentity`(`ID`,`accountid`,`menukey`,`msgtype`,`name`,`orders`,`templateid`,`type`,`url`,`fatherid`) values ('861a39deb1284187a495ad77f41e960a',NULL,'‰∏ªËèúÂçï',NULL,'ÊàëË¶ÅÂêÉ','1',NULL,'view','https://open.weixin.qq.com/connect/oauth2/authorize?appid=wxc8c201a121ac73ca&redirect_uri=http://fruit.tunnel.qydev.com/wfruitHomeController/gohome&response_type=CODE&scope=snsapi_userinfo&state=123#wechat_redirect',NULL);

/*Table structure for table `weixin_shop_cart` */

DROP TABLE IF EXISTS `weixin_shop_cart`;

CREATE TABLE `weixin_shop_cart` (
  `ID` varchar(40) NOT NULL,
  `accountid` varchar(255) DEFAULT NULL,
  `BUY_PRICE` double DEFAULT NULL,
  `COUNT` int(11) DEFAULT NULL,
  `GOODS_PROPERTY` varchar(200) DEFAULT NULL,
  `TOTAL` double DEFAULT NULL,
  `buyer_id` varchar(32) DEFAULT NULL,
  `seller_id` varchar(32) DEFAULT NULL,
  `goods_id` varchar(36) DEFAULT NULL,
  PRIMARY KEY (`ID`),
  KEY `FK_5j8wfdnil18plrlm1o1s2gncy` (`buyer_id`),
  KEY `FK_tft4l75wvjgycjrkqlaab0n0c` (`seller_id`),
  KEY `FK_sttol1w61rhh3j0i7ygdxwoun` (`goods_id`),
  CONSTRAINT `FK_5j8wfdnil18plrlm1o1s2gncy` FOREIGN KEY (`buyer_id`) REFERENCES `t_s_user` (`id`),
  CONSTRAINT `FK_sttol1w61rhh3j0i7ygdxwoun` FOREIGN KEY (`goods_id`) REFERENCES `weixin_shop_goods` (`ID`),
  CONSTRAINT `FK_tft4l75wvjgycjrkqlaab0n0c` FOREIGN KEY (`seller_id`) REFERENCES `t_s_user` (`id`)
) ENGINE=InnoDB DEFAULT CHARSET=utf8;

/*Data for the table `weixin_shop_cart` */

/*Table structure for table `weixin_shop_category` */

DROP TABLE IF EXISTS `weixin_shop_category`;

CREATE TABLE `weixin_shop_category` (
  `ID` varchar(36) NOT NULL,
  `accountid` varchar(255) DEFAULT NULL,
  `CREATE_DATE` datetime DEFAULT NULL,
  `CREATE_NAME` varchar(50) DEFAULT NULL,
  `IMGURL` varchar(200) DEFAULT NULL,
  `NAME` varchar(50) DEFAULT NULL,
  `SELLER_ID` varchar(36) DEFAULT NULL,
  `SEQUENCE` int(11) DEFAULT NULL,
  `UPDATE_DATE` datetime DEFAULT NULL,
  `UPDATE_NAME` varchar(50) DEFAULT NULL,
  `PARENTID` varchar(36) DEFAULT NULL,
  PRIMARY KEY (`ID`),
  KEY `FK_l90fhol9mktg1p7kjt02y0ck` (`PARENTID`),
  CONSTRAINT `FK_l90fhol9mktg1p7kjt02y0ck` FOREIGN KEY (`PARENTID`) REFERENCES `weixin_shop_category` (`ID`)
) ENGINE=InnoDB DEFAULT CHARSET=utf8;

/*Data for the table `weixin_shop_category` */

insert  into `weixin_shop_category`(`ID`,`accountid`,`CREATE_DATE`,`CREATE_NAME`,`IMGURL`,`NAME`,`SELLER_ID`,`SEQUENCE`,`UPDATE_DATE`,`UPDATE_NAME`,`PARENTID`) values ('2a5112ca3aa1489eb640f8ba190564e3',NULL,NULL,NULL,'7ypcreYq.jpg','ÁÅ´ÈæôÊûú',NULL,2,NULL,NULL,NULL),('b66732024ba141f2a40a7bda3e697d2a',NULL,NULL,NULL,'7afbkxm1.jpg','ËãπÊûú',NULL,1,NULL,NULL,NULL);

/*Table structure for table `weixin_shop_goods` */

DROP TABLE IF EXISTS `weixin_shop_goods`;

CREATE TABLE `weixin_shop_goods` (
  `ID` varchar(36) NOT NULL,
  `accountid` varchar(255) DEFAULT NULL,
  `BAD_COUNT` int(11) DEFAULT NULL,
  `CREATE_DATE` datetime DEFAULT NULL,
  `CREATE_NAME` varchar(50) DEFAULT NULL,
  `DESCRIPTIONS` longtext,
  `DISCUSS_COUNT` int(11) DEFAULT NULL,
  `EXPRESS_NAME` varchar(32) DEFAULT NULL,
  `EXPRESS_PRICE` double DEFAULT NULL,
  `GOOD_COUNT` int(11) DEFAULT NULL,
  `OUT_STOCK` varchar(2) DEFAULT NULL,
  `PRICE` double DEFAULT NULL,
  `REAL_PRICE` double DEFAULT NULL,
  `REMOVE_TIME` datetime DEFAULT NULL,
  `SALE` double DEFAULT NULL,
  `SELL_COUNT` int(11) DEFAULT NULL,
  `SELLER_ID` varchar(36) DEFAULT NULL,
  `SEQUENCE` longtext,
  `SHELVE_TIME` datetime DEFAULT NULL,
  `STANDARD` varchar(100) DEFAULT NULL,
  `STATEMENT` varchar(32) DEFAULT NULL,
  `TITLE` varchar(200) DEFAULT NULL,
  `TITLE_IMG` varchar(100) DEFAULT NULL,
  `UPDATE_DATE` datetime DEFAULT NULL,
  `UPDATE_NAME` varchar(50) DEFAULT NULL,
  `CATEGORY_ID` varchar(36) DEFAULT NULL,
  PRIMARY KEY (`ID`),
  KEY `FK_997yl0agvds726aknlc95grpo` (`CATEGORY_ID`),
  CONSTRAINT `FK_997yl0agvds726aknlc95grpo` FOREIGN KEY (`CATEGORY_ID`) REFERENCES `weixin_shop_category` (`ID`)
) ENGINE=InnoDB DEFAULT CHARSET=utf8;

/*Data for the table `weixin_shop_goods` */

insert  into `weixin_shop_goods`(`ID`,`accountid`,`BAD_COUNT`,`CREATE_DATE`,`CREATE_NAME`,`DESCRIPTIONS`,`DISCUSS_COUNT`,`EXPRESS_NAME`,`EXPRESS_PRICE`,`GOOD_COUNT`,`OUT_STOCK`,`PRICE`,`REAL_PRICE`,`REMOVE_TIME`,`SALE`,`SELL_COUNT`,`SELLER_ID`,`SEQUENCE`,`SHELVE_TIME`,`STANDARD`,`STATEMENT`,`TITLE`,`TITLE_IMG`,`UPDATE_DATE`,`UPDATE_NAME`,`CATEGORY_ID`) values ('0a44e837e6c4467594641bf65ddfdae5',NULL,NULL,NULL,NULL,'',NULL,'',NULL,NULL,'0',NULL,NULL,NULL,NULL,NULL,NULL,'1',NULL,'',NULL,'Á∫¢Ëâ≤ÁÅ´ÈæôÊûú','x3RJSdE0.jpg',NULL,NULL,'2a5112ca3aa1489eb640f8ba190564e3'),('1a71d06d081d45d1ab6ee3d35ace264f',NULL,NULL,NULL,NULL,'',NULL,'',NULL,NULL,'0',NULL,NULL,NULL,NULL,NULL,NULL,'1',NULL,'',NULL,'ÂØåÂ£´ËãπÊûú','23POiqUU.jpg',NULL,NULL,'b66732024ba141f2a40a7bda3e697d2a'),('823d279bd9e944a3ba44086f301d9ded',NULL,NULL,NULL,NULL,'',NULL,'',NULL,NULL,'0',NULL,NULL,NULL,NULL,NULL,NULL,'2',NULL,'',NULL,'ÊôÆÈÄöËãπÊûú','yr9ic8dc.jpg',NULL,NULL,'b66732024ba141f2a40a7bda3e697d2a'),('99de56542d7b40869bbdf732037bfc15',NULL,NULL,NULL,NULL,'',NULL,'',NULL,NULL,'0',NULL,NULL,NULL,NULL,NULL,NULL,'2',NULL,'',NULL,'ÊôÆÈÄöÁÅ´ÈæôÊûú','4Wu9JCOp.jpg',NULL,NULL,'2a5112ca3aa1489eb640f8ba190564e3');

/*!40101 SET SQL_MODE=@OLD_SQL_MODE */;
/*!40014 SET FOREIGN_KEY_CHECKS=@OLD_FOREIGN_KEY_CHECKS */;
/*!40014 SET UNIQUE_CHECKS=@OLD_UNIQUE_CHECKS */;
/*!40111 SET SQL_NOTES=@OLD_SQL_NOTES */;
